Date,Cattle,Steers,Heifers,Beef cows,Dairy cows,Bulls and stags,Calves,Hogs,Barrows and gilts,Sows,Boars and stags,Sheep and lambs,Lambs and yearlings,Mature sheep,Broilers,Other chickens,Turkeys
Sep-2019,"2,676.7","1,278.2",830.8,258.3,259.7,49.6,49.0,"10,647.4","10,376.5",239.7,31.2,179.4,168.4,11.0,"766,993.0","9,714.0","18,130.0"
Aug-2019,"2,926.2","1,462.1",878.1,265.3,270.2,50.5,50.9,"10,867.0","10,589.3",246.3,31.4,201.5,188.7,12.8,"804,355.0","10,044.0","20,316.0"
Jul-2019,"2,938.3","1,511.3",852.9,266.4,260.0,47.8,53.7,"10,578.2","10,301.2",255.0,22.0,188.3,176.7,11.6,"814,385.0","9,015.0","19,484.0"
Jun-2019,"2,804.9","1,475.4",783.1,262.3,234.2,49.9,44.4,"9,988.7","9,715.9",243.1,29.6,175.3,165.1,10.2,"738,489.0","9,082.0","18,564.0"
May-2019,"2,939.0","1,544.0",812.9,271.7,261.6,48.7,46.2,"10,354.3","10,067.3",253.9,33.1,209.2,196.7,12.5,"803,158.0","10,114.0","19,104.0"
Apr-2019,"2,829.2","1,436.7",801.3,271.2,272.4,47.6,42.8,"10,582.6","10,292.4",257.1,33.1,235.9,222.9,13.0,"758,037.0","9,649.0","18,436.0"
Mar-2019,"2,649.5","1,240.7",809.5,251.8,307.0,40.5,45.8,"10,724.4","10,440.7",250.4,33.3,190.7,181.4,9.3,"730,928.0","9,403.0","18,028.0"
Feb-2019,"2,454.7","1,174.9",735.0,228.7,283.4,32.7,48.5,"10,104.2","9,839.8",235.2,29.2,169.3,161.2,8.1,"697,844.0","8,708.0","17,476.0"
Jan-2019,"2,830.2","1,376.3",850.6,261.8,303.1,38.4,53.8,"11,042.4","10,741.9",266.7,33.8,186.8,177.6,9.2,"788,098.0","10,360.0","19,517.0"
Dec-2018,"2,580.2","1,271.5",764.2,240.5,264.9,39.0,53.6,"10,460.5","10,192.1",240.2,28.2,201.8,190.2,11.6,"689,771.0","8,831.0","17,288.0"
Nov-2018,"2,800.8","1,391.5",835.2,260.2,271.8,42.1,55.5,"11,040.1","10,754.1",255.0,31.0,195.3,185.4,9.9,"729,068.0","10,161.0","20,732.0"
Oct-2018,"2,959.5","1,474.9",856.4,284.0,293.3,51.0,53.8,"11,644.6","11,326.4",281.1,37.1,199.9,189.3,10.6,"819,956.0","11,711.0","23,876.0"
Sep-2018,"2,617.3","1,332.1",753.9,235.6,251.3,44.5,48.6,"9,649.4","9,389.3",228.2,31.9,172.2,163.0,9.2,"719,006.0","9,618.0","17,543.0"
Aug-2018,"2,977.8","1,535.0",840.0,268.5,283.6,50.8,52.5,"11,155.3","10,850.0",270.1,35.2,205.4,193.0,12.4,"822,867.0","11,997.0","21,129.0"
Jul-2018,"2,765.8","1,430.2",783.1,262.3,243.1,47.1,47.9,"9,594.1","9,321.5",241.8,30.8,180.0,169.4,10.6,"775,038.0","11,157.0","19,897.0"
Jun-2018,"2,878.8","1,545.9",775.3,265.7,240.6,51.2,45.2,"9,606.6","9,328.9",247.2,30.5,180.6,170.3,10.3,"744,790.0","11,225.0","19,600.0"
May-2018,"2,907.4","1,567.0",768.8,271.6,248.4,51.6,46.5,"10,217.9","9,923.7",261.7,32.5,201.8,191.0,10.8,"794,062.0","11,150.0","20,653.0"
Apr-2018,"2,639.5","1,387.0",705.4,248.2,252.8,46.1,42.9,"9,993.2","9,717.8",245.8,29.6,181.5,170.8,10.7,"731,074.0","10,523.0","19,131.0"
Mar-2018,"2,701.6","1,348.2",766.1,250.0,291.3,46.0,43.7,"10,722.6","10,432.5",259.0,31.1,201.5,192.3,9.2,"742,817.0","10,431.0","19,049.0"
Feb-2018,"2,417.9","1,196.3",695.7,224.1,265.0,36.8,41.2,"9,636.7","9,369.7",238.0,29.0,164.3,156.9,7.4,"693,788.0","9,414.0","18,109.0"
Jan-2018,"2,758.1","1,405.8",759.7,258.7,294.5,39.4,49.0,"10,714.4","10,418.4",264.2,31.8,180.6,172.3,8.3,"772,267.0","10,188.0","19,853.0"
Dec-2017,"2,580.4","1,303.4",746.7,237.3,250.9,42.1,46.4,"10,460.6","10,184.9",242.8,32.9,188.1,179.5,8.6,"704,485.0","10,326.0","18,062.0"
Nov-2017,"2,762.8","1,387.0",815.7,268.0,247.0,45.2,42.5,"10,548.0","10,264.6",251.2,32.2,187.4,178.4,9.0,"728,307.0","11,163.0","21,925.0"
Oct-2017,"2,801.3","1,422.3",809.2,256.5,265.6,47.8,44.0,"10,997.8","10,703.8",260.5,33.5,183.5,174.6,8.9,"783,000.0","11,358.0","23,008.0"
Sep-2017,"2,698.9","1,409.7",759.5,227.8,253.8,48.1,43.6,"10,287.1","10,020.2",234.3,32.6,176.4,166.4,10.0,"728,356.0","10,531.0","19,023.0"
Aug-2017,"2,943.5","1,574.4",799.9,245.1,269.4,54.7,46.2,"10,662.2","10,368.8",258.4,35.0,194.6,183.7,10.9,"809,685.0","12,170.0","22,300.0"
Jul-2017,"2,612.0","1,430.9",681.6,223.6,228.8,47.1,39.1,"9,017.9","8,767.8",221.4,28.7,166.9,157.5,9.4,"725,770.0","10,593.0","19,063.0"
Jun-2017,"2,859.0","1,604.4",704.2,255.0,239.9,55.5,40.4,"9,870.2","9,579.8",257.7,32.7,187.7,176.6,11.1,"763,011.0","12,321.0","21,174.0"
May-2017,"2,753.8","1,549.2",677.6,235.2,240.8,51.1,39.3,"9,952.1","9,664.3",256.2,31.6,180.8,169.5,11.3,"782,516.0","11,922.0","21,028.0"
Apr-2017,"2,463.3","1,352.7",619.3,214.8,231.7,44.7,39.0,"9,342.8","9,079.9",234.6,28.3,179.7,169.1,10.6,"690,347.0","10,591.0","17,365.0"
Mar-2017,"2,768.3","1,435.5",776.1,234.7,275.4,46.6,45.0,"10,681.0","10,375.6",273.9,31.5,196.3,187.8,8.5,"771,634.0","12,027.0","21,033.0"
Feb-2017,"2,369.2","1,221.9",645.4,205.5,257.5,38.9,40.2,"9,370.5","9,109.5",234.6,26.4,159.4,151.6,7.8,"679,684.0","10,537.0","18,128.0"
Jan-2017,"2,576.9","1,335.4",707.9,223.1,273.7,36.8,46.6,"10,126.3","9,853.7",245.7,26.9,177.4,168.7,8.7,"749,288.0","11,080.0","19,571.0"
Dec-2016,"2,612.0","1,378.8",703.0,234.1,256.9,39.2,48.9,"10,467.1","10,193.5",244.5,29.1,197.0,187.2,9.8,"709,319.0","10,886.0","18,894.0"
Nov-2016,"2,669.0","1,411.8",720.5,247.7,246.6,42.4,47.3,"10,605.3","10,325.5",249.9,29.9,186.9,176.9,10.0,"712,780.0","11,210.0","21,727.0"
Oct-2016,"2,637.7","1,410.9",703.1,238.4,241.4,44.0,48.3,"10,446.3","10,174.0",244.7,27.6,181.6,171.4,10.2,"731,963.0","10,787.0","21,673.0"
Sep-2016,"2,619.3","1,445.5",663.2,214.4,249.0,47.1,42.5,"10,170.5","9,891.8",248.4,30.3,194.0,182.7,11.3,"745,766.0","11,772.0","20,247.0"
Aug-2016,"2,750.6","1,539.4",700.6,213.5,248.2,48.9,40.9,"10,390.9","10,101.2",257.2,32.5,193.4,181.7,11.7,"793,503.0","13,558.0","22,419.0"
Jul-2016,"2,474.9","1,432.5",589.3,194.6,216.1,42.3,37.7,"8,761.5","8,510.6",223.4,27.5,170.2,161.4,8.8,"708,391.0","10,984.0","19,727.0"
Jun-2016,"2,706.0","1,588.7",621.1,222.0,226.7,47.5,37.7,"9,568.2","9,301.3",241.5,25.4,195.9,184.4,11.5,"754,657.0","12,391.0","21,864.0"
May-2016,"2,515.4","1,450.2",591.8,212.9,217.8,42.7,35.6,"9,180.4","8,924.1",228.6,27.7,185.7,174.6,11.1,"745,305.0","11,684.0","20,197.0"
Apr-2016,"2,409.1","1,339.5",594.9,202.3,230.4,41.9,34.8,"9,367.4","9,104.1",236.4,26.9,189.8,179.5,10.3,"707,069.0","11,514.0","19,382.0"
Mar-2016,"2,534.1","1,337.1",679.4,210.5,266.5,40.5,35.9,"10,088.3","9,807.8",259.4,21.2,206.5,197.4,9.1,"760,404.0","13,059.0","20,130.0"
Feb-2016,"2,290.9","1,177.2",628.6,191.3,260.9,33.0,36.4,"9,429.7","9,169.3",237.2,23.3,176.1,167.5,8.6,"699,896.0","11,448.0","18,298.0"
Jan-2016,"2,359.2","1,235.6",621.6,200.1,270.0,31.9,41.7,"9,744.3","9,490.0",233.9,20.4,160.8,153.0,7.8,"699,346.0","11,294.0","18,697.0"
Dec-2015,"2,452.4","1,306.1",643.9,207.8,259.5,35.1,45.1,"10,361.4","10,088.9",249.9,22.7,200.4,189.3,11.1,"720,679.0","11,428.0","18,487.0"
Nov-2015,"2,296.2","1,205.4",614.5,203.9,234.4,37.9,38.8,"9,765.5","9,527.1",221.4,17.0,181.4,172.0,9.4,"674,127.0","9,518.0","20,245.0"
Oct-2015,"2,514.3","1,359.7",650.4,200.3,261.2,42.8,40.2,"10,248.0","9,977.5",246.8,23.7,185.9,175.2,10.7,"743,348.0","11,668.0","22,169.0"
Sep-2015,"2,474.6","1,411.1",573.9,188.8,255.9,44.9,37.3,"9,728.1","9,459.3",246.2,22.6,192.9,180.3,12.6,"748,689.0","10,928.0","18,991.0"
Aug-2015,"2,323.3","1,333.8",566.3,154.1,228.8,40.2,34.5,"9,347.1","9,092.7",231.0,23.5,175.2,164.6,10.6,"740,822.0","10,078.0","19,259.0"
Jul-2015,"2,493.3","1,437.6",599.1,173.7,242.0,41.0,36.5,"9,402.0","9,130.6",246.8,24.6,188.0,177.4,10.6,"762,580.0","10,853.0","19,286.0"
Jun-2015,"2,466.0","1,420.9",593.2,184.4,224.8,42.7,35.2,"9,427.4","9,148.9",252.8,25.7,194.9,183.4,11.5,"747,482.0","11,247.0","19,069.0"
May-2015,"2,379.4","1,346.9",597.4,180.9,217.1,37.0,33.2,"8,745.5","8,491.7",231.9,21.9,169.4,158.9,10.5,"704,622.0","10,696.0","17,758.0"
Apr-2015,"2,383.3","1,255.2",645.5,194.6,246.7,41.3,35.4,"9,676.8","9,417.0",235.7,24.2,199.3,188.5,10.8,"725,462.0","12,444.0","20,161.0"
Mar-2015,"2,381.0","1,198.6",687.4,191.8,265.1,38.1,39.8,"9,887.5","9,615.3",249.1,23.2,205.2,194.9,10.3,"741,932.0","11,998.0","20,101.0"
Feb-2015,"2,170.2","1,072.7",637.8,183.0,246.4,30.3,36.7,"9,077.1","8,833.0",223.5,20.6,164.0,155.6,8.4,"654,114.0","11,408.0","17,334.0"
Jan-2015,"2,417.6","1,229.4",660.6,209.1,280.2,38.4,39.9,"9,758.9","9,493.8",236.6,28.6,167.0,157.4,9.6,"724,605.0","11,964.0","19,529.0"
Dec-2014,"2,439.3","1,234.1",686.9,214.0,261.2,43.0,43.0,"9,850.3","9,562.1",259.9,28.3,199.5,188.0,11.5,"728,499.0","12,415.0","19,144.0"
Nov-2014,"2,246.8","1,102.2",668.6,211.4,221.6,43.0,35.9,"8,809.8","8,563.3",220.8,25.7,172.8,162.0,10.8,"644,635.0","9,084.0","20,882.0"
Oct-2014,"2,639.9","1,331.2",780.7,220.2,256.6,51.2,43.3,"9,951.4","9,657.4",261.8,32.2,207.4,192.7,14.7,"770,448.0","12,496.0","23,220.0"
Sep-2014,"2,531.1","1,334.9",713.2,192.0,241.6,49.3,42.4,"8,829.2","8,561.7",238.9,28.6,191.7,177.9,13.8,"731,821.0","12,232.0","20,207.0"
Aug-2014,"2,499.6","1,338.6",695.5,184.5,231.9,49.1,43.6,"8,269.1","8,019.8",220.8,28.5,181.0,169.1,11.9,"709,909.0","12,583.0","20,139.0"
Jul-2014,"2,601.7","1,411.7",703.1,201.8,235.2,50.0,48.4,"8,459.9","8,200.0",230.3,29.6,210.4,195.6,14.8,"743,158.0","11,746.0","20,783.0"
Jun-2014,"2,606.4","1,417.2",725.7,214.3,202.5,46.7,45.3,"8,098.2","7,850.9",221.0,26.3,193.0,180.0,13.0,"712,605.0","11,999.0","20,145.0"
May-2014,"2,635.6","1,448.0",692.2,236.6,212.6,46.2,46.6,"8,618.4","8,366.8",225.0,26.6,194.0,179.9,14.1,"712,142.0","13,165.0","19,283.0"
Apr-2014,"2,595.3","1,353.9",725.9,231.9,233.4,50.3,48.8,"8,858.1","8,589.2",238.6,30.2,221.5,207.7,13.8,"711,014.0","12,662.0","19,119.0"
Mar-2014,"2,449.1","1,217.6",711.6,223.6,249.6,46.6,53.6,"8,673.7","8,413.8",230.2,29.7,189.8,179.4,10.4,"689,189.0","11,761.0","18,419.0"
Feb-2014,"2,244.1","1,116.8",646.1,202.1,240.9,38.3,52.1,"8,667.7","8,422.8",218.6,26.3,167.9,157.9,10.0,"665,772.0","11,371.0","17,025.0"
Jan-2014,"2,679.0","1,322.6",764.4,274.0,274.8,43.1,62.8,"9,790.0","9,520.9",241.4,27.7,180.6,169.6,11.0,"706,201.0","12,721.0","18,251.0"
Dec-2013,"2,561.9","1,269.8",738.7,251.9,261.2,40.3,66.5,"9,730.1","9,459.6",242.0,28.5,199.3,186.9,12.4,"687,163.0","11,696.0","17,263.0"
Nov-2013,"2,569.1","1,281.9",712.3,272.2,253.2,49.5,60.6,"9,641.4","9,378.7",235.5,27.2,183.9,169.8,14.1,"655,869.0","9,003.0","20,941.0"
Oct-2013,"2,904.3","1,428.6",861.6,277.3,282.0,54.9,69.4,"10,420.0","10,113.6",276.2,30.2,208.3,190.7,17.6,"768,507.0","12,373.0","21,644.0"
Sep-2013,"2,608.9","1,316.0",746.9,231.9,262.7,51.3,62.9,"9,023.9","8,761.2",236.5,26.2,184.8,173.3,11.5,"694,243.0","11,730.0","18,262.0"
Aug-2013,"2,817.3","1,437.7",812.4,244.7,269.7,52.8,64.4,"9,555.3","9,275.8",248.1,31.4,207.9,196.6,11.3,"742,973.0","13,575.0","20,380.0"
Jul-2013,"2,894.9","1,494.4",819.5,278.5,254.2,48.4,70.0,"9,077.4","8,802.5",244.3,30.6,213.7,201.4,12.3,"748,385.0","11,660.0","21,579.0"
Jun-2013,"2,730.9","1,454.8",736.4,268.9,223.4,47.3,57.6,"8,196.2","7,947.1",222.1,27.0,183.6,172.0,11.6,"679,881.0","11,451.0","19,666.0"
May-2013,"2,863.0","1,475.5",773.3,311.9,251.2,51.1,58.6,"9,210.4","8,920.7",258.7,31.0,208.4,194.7,13.7,"743,372.0","13,317.0","20,829.0"
Apr-2013,"2,731.1","1,333.7",792.5,284.4,272.6,47.8,58.7,"9,358.3","9,069.9",256.7,31.7,191.8,180.2,11.6,"719,688.0","13,931.0","20,494.0"
Mar-2013,"2,586.9","1,240.7",775.1,249.1,278.7,43.2,62.6,"9,316.2","9,039.9",246.6,29.7,197.3,187.2,10.1,"679,303.0","11,287.0","19,133.0"
Feb-2013,"2,358.1","1,131.3",701.6,223.6,264.3,37.3,59.6,"8,591.2","8,338.3",224.1,28.8,162.3,152.7,9.6,"649,727.0","11,077.0","18,508.0"
Jan-2013,"2,835.9","1,396.3",808.9,286.1,302.3,42.4,71.2,"9,956.4","9,662.1",262.5,31.8,177.4,168.1,9.3,"734,639.0","13,906.0","20,705.0"
Dec-2012,"2,543.0","1,224.7",708.7,302.0,263.2,44.4,65.4,"9,469.1","9,206.5",235.9,26.7,190.0,179.9,10.1,"642,959.0","11,485.0","17,847.0"
Nov-2012,"2,785.0","1,329.2",798.0,335.4,273.2,49.2,70.4,"10,107.8","9,818.2",258.8,30.8,182.2,170.2,12.0,"674,146.0","10,408.0","22,198.0"
Oct-2012,"2,954.7","1,459.7",819.6,331.9,291.0,52.4,73.0,"10,856.3","10,531.8",293.0,31.5,208.1,186.2,21.9,"745,981.0","11,962.0","24,978.0"
Sep-2012,"2,542.7","1,259.2",721.3,260.1,255.4,46.7,64.3,"9,455.0","9,174.6",253.3,27.0,174.1,154.7,19.4,"663,470.0","11,737.0","19,317.0"
Aug-2012,"2,997.7","1,528.0",848.9,289.9,279.5,51.4,72.7,"9,943.4","9,624.4",285.8,33.3,200.5,183.5,17.0,"760,582.0","13,716.0","22,933.0"
Jul-2012,"2,792.8","1,477.0",736.3,291.2,242.3,46.0,67.4,"8,566.3","8,294.1",244.2,28.0,178.4,164.4,14.0,"722,612.0","11,304.0","21,223.0"
Jun-2012,"2,864.1","1,523.9",784.7,275.3,232.3,47.9,55.9,"8,548.7","8,274.1",245.2,29.3,168.6,157.8,10.8,"706,126.0","13,236.0","21,112.0"
May-2012,"2,875.6","1,509.7",797.1,266.5,254.8,47.5,59.2,"9,285.0","9,002.3",253.7,29.0,180.0,168.3,11.7,"749,248.0","14,205.0","21,812.0"
Apr-2012,"2,569.5","1,271.1",777.5,233.4,243.7,43.8,56.5,"8,827.1","8,568.4",232.8,25.9,180.9,169.8,11.1,"683,191.0","12,978.0","19,776.0"
Mar-2012,"2,753.4","1,324.2",852.9,247.7,282.1,46.4,59.5,"9,520.7","9,242.9",247.0,30.7,189.9,180.5,9.4,"699,277.0","12,264.0","20,565.0"
Feb-2012,"2,557.6","1,205.2",794.5,251.5,265.6,40.8,60.2,"9,044.7","8,779.7",236.6,28.4,165.3,156.2,9.1,"674,192.0","11,056.0","19,030.0"
Jan-2012,"2,714.7","1,308.5",779.9,313.8,268.7,43.8,67.7,"9,539.2","9,266.3",246.5,26.4,164.9,155.9,9.0,"707,215.0","12,845.0","19,401.0"
Dec-2011,"2,753.4","1,337.3",759.0,345.4,266.5,45.3,73.0,"9,941.8","9,650.8",261.5,29.5,180.1,169.0,11.1,"659,298.0","11,560.0","18,999.0"
Nov-2011,"2,784.7","1,323.3",787.7,366.0,257.0,50.7,73.1,"10,042.4","9,744.5",270.3,27.6,187.2,174.1,13.1,"666,201.0","10,958.0","22,875.0"
Oct-2011,"2,856.9","1,370.5",824.1,363.9,247.4,50.9,72.7,"9,903.8","9,609.7",267.5,26.6,175.0,160.5,14.5,"701,599.0","11,999.0","23,264.0"
Sep-2011,"2,876.0","1,385.5",816.6,369.3,251.1,53.5,73.8,"9,691.1","9,393.9",268.4,28.8,177.0,163.8,13.2,"721,908.0","12,778.0","20,437.0"
Aug-2011,"3,097.1","1,583.5",852.9,360.3,248.1,52.2,80.1,"9,530.0","9,229.0",272.8,28.3,198.7,186.1,12.6,"767,360.0","13,507.0","22,091.0"
Jul-2011,"2,764.5","1,423.6",771.0,316.2,209.8,43.8,73.4,"8,157.8","7,901.1",231.0,25.7,164.6,152.5,12.1,"699,465.0","12,162.0","19,369.0"
Jun-2011,"3,101.7","1,618.4",890.0,323.1,222.2,48.0,72.5,"8,939.0","8,640.5",269.8,28.6,183.7,166.4,17.3,"752,493.0","13,109.0","22,203.0"
May-2011,"2,818.7","1,452.4",794.0,300.0,223.4,48.9,61.2,"8,542.6","8,272.1",243.1,27.4,180.2,163.8,16.4,"745,396.0","12,581.0","20,555.0"
Apr-2011,"2,719.1","1,327.1",812.8,285.2,241.5,52.5,58.9,"8,628.8","8,362.3",238.7,27.8,207.7,195.6,12.1,"686,762.0","11,776.0","19,061.0"
Mar-2011,"2,959.1","1,432.1",918.0,281.6,272.3,55.1,73.0,"9,872.5","9,576.2",266.8,29.5,193.8,182.4,11.4,"764,270.0","12,982.0","21,166.0"
Feb-2011,"2,621.3","1,242.3",831.3,251.9,252.9,43.0,68.8,"8,506.0","8,257.8",222.1,26.1,155.0,146.4,8.6,"659,359.0","10,999.0","17,978.0"
Jan-2011,"2,734.0","1,304.2",822.5,295.2,268.4,43.7,71.9,"9,104.4","8,838.5",240.0,25.9,161.4,151.2,10.2,"713,525.0","11,596.0","18,846.0"
Dec-2010,"2,915.9","1,405.0",864.2,329.2,269.3,48.2,77.7,"9,921.8","9,637.9",254.8,29.1,216.0,204.4,11.6,"724,463.0","12,050.0","19,261.0"
Nov-2010,"2,876.3","1,359.2",862.4,356.6,245.1,53.0,73.0,"9,971.5","9,685.3",260.2,26.0,218.8,202.2,16.6,"709,715.0","10,248.0","23,075.0"
Oct-2010,"2,862.1","1,368.3",870.0,332.3,235.9,55.6,71.5,"9,732.2","9,444.3",260.7,27.2,202.1,186.1,16.0,"723,409.0","10,928.0","23,139.0"
Sep-2010,"2,897.4","1,415.2",868.1,306.5,247.4,60.3,71.2,"9,346.6","9,064.0",253.1,29.5,204.7,191.1,13.6,"754,528.0","12,618.0","20,574.0"
Aug-2010,"2,954.9","1,482.4",894.0,288.4,234.3,55.8,76.0,"9,114.9","8,840.9",246.7,27.4,204.7,191.0,13.7,"768,661.0","12,707.0","21,587.0"
Jul-2010,"2,899.2","1,495.0",835.1,289.2,228.8,51.1,75.1,"8,469.0","8,196.6",241.8,30.6,197.5,185.9,11.6,"730,328.0","12,119.0","20,403.0"
Jun-2010,"3,049.5","1,587.3",873.3,316.0,217.4,55.4,68.5,"9,046.3","8,767.2",249.3,29.9,212.1,196.6,15.5,"744,289.0","12,353.0","21,039.0"
May-2010,"2,784.1","1,419.6",790.0,306.0,212.2,56.2,60.3,"7,971.6","7,719.7",221.1,30.8,182.9,168.1,14.8,"705,876.0","11,543.0","18,440.0"
Apr-2010,"2,846.0","1,418.7",827.5,302.2,238.5,59.0,68.5,"9,056.2","8,777.8",246.1,32.4,190.2,174.2,16.0,"714,528.0","12,221.0","19,153.0"
Mar-2010,"2,911.5","1,420.5",878.2,297.0,260.8,55.0,79.9,"10,031.5","9,707.9",283.2,40.4,263.2,247.5,15.7,"748,976.0","12,742.0","20,746.0"
Feb-2010,"2,546.8","1,212.1",818.8,251.2,226.8,37.9,74.0,"8,691.3","8,427.3",230.5,33.5,178.9,166.1,12.8,"651,808.0","10,236.0","17,722.0"
Jan-2010,"2,705.4","1,281.8",828.8,314.3,236.4,44.2,82.8,"8,907.0","8,630.0",244.3,32.7,186.5,174.4,12.1,"672,760.0","11,178.0","17,480.0"
Dec-2009,"2,754.2","1,347.4",809.3,315.9,235.5,46.0,92.3,"9,834.2","9,521.5",276.8,35.9,235.5,220.3,15.2,"702,411.0","11,161.0","19,332.0"
Nov-2009,"2,600.7","1,212.2",799.2,330.0,212.6,46.6,81.1,"9,461.8","9,173.1",258.7,30.0,219.3,197.7,21.6,"656,740.0","9,339.0","21,593.0"
Oct-2009,"2,886.1","1,387.9",886.8,326.3,231.3,53.9,83.5,"10,319.2","9,990.6",292.4,36.2,218.7,193.4,25.3,"725,202.0","11,927.0","22,407.0"
Sep-2009,"2,814.7","1,412.5",831.2,275.9,240.7,54.5,81.3,"9,939.8","9,607.5",296.5,35.7,225.2,208.7,16.5,"729,056.0","11,868.0","20,489.0"
Aug-2009,"2,781.9","1,408.3",813.2,266.6,242.7,51.1,76.8,"9,340.0","9,016.0",290.7,33.3,203.4,189.1,14.3,"726,290.0","12,244.0","20,536.0"
Jul-2009,"2,921.6","1,522.0",826.2,289.4,231.2,52.8,80.1,"9,148.3","8,825.5",284.4,38.4,207.3,192.3,15.0,"747,724.0","12,762.0","21,493.0"
Jun-2009,"2,981.5","1,548.8",862.8,259.1,259.9,50.9,77.3,"9,182.3","8,857.4",287.4,37.4,202.8,189.5,13.3,"738,367.0","12,752.0","21,684.0"
May-2009,"2,849.3","1,491.6",830.0,262.8,215.0,49.9,65.4,"8,453.3","8,176.8",241.6,34.9,184.7,173.3,11.4,"693,018.0","11,575.0","19,564.0"
Apr-2009,"2,772.6","1,410.8",833.5,260.7,218.9,48.6,68.0,"9,436.7","9,134.5",264.5,37.6,228.9,218.3,10.6,"722,082.0","12,048.0","20,297.0"
Mar-2009,"2,729.5","1,336.2",847.5,257.7,242.5,45.5,79.8,"9,656.9","9,353.2",268.9,34.8,221.4,211.1,10.3,"727,131.0","11,769.0","20,112.0"
Feb-2009,"2,528.5","1,213.9",778.4,248.5,248.2,39.6,74.1,"8,918.9","8,644.9",240.8,33.2,179.5,170.7,8.8,"657,288.0","10,159.0","18,848.0"
Jan-2009,"2,717.7","1,304.6",795.6,290.5,286.2,40.7,84.7,"9,927.3","9,622.9",269.2,35.2,189.1,180.1,9.0,"694,661.0","11,029.0","19,457.0"
Dec-2008,"2,671.5","1,294.9",811.1,293.4,233.1,38.9,94.1,"10,145.0","9,838.2",274.0,32.8,230.9,218.8,12.1,"709,789.0","11,522.0","20,923.0"
Nov-2008,"2,516.3","1,155.6",790.9,311.0,211.7,47.2,81.3,"9,323.1","9,041.4",249.4,32.4,192.5,183.2,9.3,"638,671.0","10,574.0","22,927.0"
Oct-2008,"2,989.1","1,423.6",915.2,353.5,240.7,56.1,95.6,"10,746.1","10,393.2",312.5,40.4,225.3,214.4,10.9,"778,133.0","13,771.0","25,339.0"
Sep-2008,"2,889.4","1,445.6",848.9,308.1,227.1,59.7,87.4,"9,969.5","9,632.0",301.3,36.2,223.7,211.4,12.3,"753,911.0","12,959.0","22,701.0"
Aug-2008,"2,908.3","1,471.2",848.7,298.9,229.7,59.9,79.2,"9,263.7","8,934.6",289.0,40.1,200.2,188.9,11.3,"743,462.0","12,822.0","22,668.0"
Jul-2008,"3,062.5","1,603.5",873.7,316.0,211.6,57.8,87.9,"9,462.8","9,111.0",308.1,43.7,207.1,195.7,11.4,"785,356.0","13,828.0","24,199.0"
Jun-2008,"2,956.6","1,577.2",832.6,309.1,183.7,54.0,75.3,"8,883.1","8,537.5",308.0,37.6,192.4,181.0,11.4,"746,784.0","13,767.0","22,862.0"
May-2008,"3,139.6","1,677.6",891.1,319.7,197.5,53.7,71.0,"9,062.1","8,725.0",297.9,39.3,206.8,194.7,12.1,"762,935.0","13,772.0","22,475.0"
Apr-2008,"2,961.1","1,519.3",879.5,286.8,222.7,52.8,73.3,"9,996.0","9,641.1",312.9,42.1,221.2,210.1,11.1,"771,921.0","13,536.0","22,254.0"
Mar-2008,"2,728.3","1,348.5",851.3,262.2,218.7,47.6,71.0,"9,660.6","9,320.3",301.2,39.0,230.6,220.3,10.3,"726,841.0","12,720.0","20,947.0"
Feb-2008,"2,642.7","1,296.0",832.4,255.1,218.0,41.2,69.1,"9,377.4","9,069.0",272.6,35.8,211.6,202.6,9.0,"716,294.0","11,801.0","21,268.0"
Jan-2008,"2,899.4","1,415.9",883.0,314.6,240.0,45.8,71.5,"10,562.7","10,213.4",306.5,42.9,213.2,203.6,9.6,"786,973.0","12,970.0","22,702.0"
Dec-2007,"2,647.9","1,301.5",813.0,283.2,208.3,41.9,61.0,"9,689.9","9,387.4",266.7,35.8,229.1,217.3,11.8,"701,895.0","10,756.0","19,998.0"
Nov-2007,"2,830.7","1,361.2",886.8,314.4,220.8,47.5,58.9,"10,049.2","9,715.6",292.1,41.6,236.7,226.5,10.2,"728,148.0","10,714.0","23,907.0"
Oct-2007,"3,102.0","1,508.0",987.7,302.0,249.1,55.3,65.3,"10,656.6","10,300.6",314.1,41.9,248.4,236.6,11.8,"814,664.0","12,171.0","26,568.0"
Sep-2007,"2,664.6","1,382.3",795.4,235.7,202.9,48.3,56.0,"8,772.8","8,476.6",259.5,36.7,210.7,201.0,9.7,"707,864.0","9,356.0","20,727.0"
Aug-2007,"3,132.1","1,669.2",937.7,257.1,214.9,53.2,65.5,"9,394.5","9,055.5",296.4,42.5,228.1,217.1,11.0,"799,213.0","12,424.0","24,055.0"
Jul-2007,"2,903.1","1,579.5",854.9,239.9,182.9,45.9,62.5,"8,399.0","8,091.7",269.1,38.2,206.0,195.9,10.1,"756,953.0","11,492.0","22,597.0"
Jun-2007,"3,076.5","1,642.9",939.8,268.2,176.2,49.5,61.3,"8,297.2","7,988.3",268.7,40.2,200.6,190.9,9.7,"748,724.0","11,865.0","22,477.0"
May-2007,"3,051.4","1,624.2",890.8,290.0,194.0,52.3,58.9,"8,761.5","8,433.6",285.6,42.3,218.5,207.0,11.5,"783,800.0","11,686.0","22,601.0"
Apr-2007,"2,701.4","1,409.3",780.2,250.5,216.7,44.7,56.9,"8,466.9","8,162.9",263.3,40.7,216.6,206.2,10.4,"713,956.0","10,522.0","20,443.0"
Mar-2007,"2,793.0","1,416.3",833.8,262.3,234.2,46.4,70.7,"9,201.7","8,869.8",286.8,45.1,279.5,270.0,9.5,"729,454.0","10,914.0","21,280.0"
Feb-2007,"2,561.2","1,257.2",817.2,246.2,205.4,35.2,66.7,"8,117.3","7,831.9",250.0,35.4,204.7,196.6,8.1,"667,824.0","9,828.0","19,515.0"
Jan-2007,"2,800.3","1,411.3",834.4,279.9,232.0,42.7,74.3,"9,365.0","9,035.1",288.5,41.5,214.8,205.2,9.6,"750,576.0","10,821.0","20,758.0"
Dec-2006,"2,612.5","1,303.4",784.3,269.8,215.4,39.6,68.4,"8,882.8","8,576.2",269.2,37.4,226.9,215.4,11.5,"679,477.0","9,865.0","19,270.0"
Nov-2006,"2,842.4","1,386.7",887.7,301.1,222.5,44.4,66.6,"9,364.9","9,039.3",285.2,40.4,224.2,214.7,9.5,"716,255.0","10,125.0","23,529.0"
Oct-2006,"2,858.1","1,445.7",854.7,286.6,222.7,48.4,63.6,"9,632.0","9,308.3",284.4,39.3,237.3,225.7,11.6,"774,160.0","11,246.0","24,953.0"
Sep-2006,"2,766.6","1,485.4",780.1,245.7,209.9,45.6,57.6,"8,832.7","8,525.5",269.6,37.6,219.1,208.6,10.5,"712,989.0","9,976.0","21,012.0"
Aug-2006,"3,134.4","1,714.8",866.7,283.9,219.7,49.3,66.7,"9,095.7","8,784.1",286.4,25.2,227.1,215.8,11.3,"793,838.0","11,571.0","23,392.0"
Jul-2006,"2,834.0","1,573.0",799.7,244.5,177.0,39.7,57.9,"7,882.0","7,604.2",254.7,23.1,202.4,192.7,9.7,"716,872.0","9,856.0","20,766.0"
Jun-2006,"3,159.4","1,763.3",901.0,265.6,183.2,46.2,58.6,"8,343.1","8,026.8",288.1,28.2,211.5,200.6,10.9,"763,362.0","11,665.0","22,913.0"
May-2006,"3,039.1","1,675.0",898.9,242.6,179.8,42.7,56.9,"8,536.5","8,224.8",285.3,26.4,225.6,213.9,11.7,"786,225.0","11,845.0","21,751.0"
Apr-2006,"2,608.6","1,402.5",775.9,219.4,173.2,37.6,47.7,"7,959.3","7,688.1",248.4,22.8,247.1,236.4,10.7,"693,914.0","10,712.0","19,233.0"
Mar-2006,"2,854.0","1,483.3",892.6,223.7,210.5,43.9,59.1,"9,235.8","8,921.2",289.1,25.4,249.8,239.9,9.9,"777,263.0","11,617.0","21,559.0"
Feb-2006,"2,346.6","1,188.6",748.1,197.9,173.8,38.2,52.7,"8,055.6","7,795.9",239.2,20.5,202.2,194.2,8.0,"678,258.0","10,043.0","17,629.0"
Jan-2006,"2,642.6","1,347.2",794.2,252.1,205.5,43.6,55.5,"8,916.2","8,630.8",260.2,25.2,225.2,215.3,9.9,"744,931.0","12,601.0","18,709.0"
Dec-2005,"2,667.1","1,376.0",815.1,234.7,203.2,38.1,60.0,"9,234.5","8,941.2",268.9,24.4,230.8,219.6,11.2,"717,637.0","11,827.0","19,362.0"
Nov-2005,"2,668.1","1,358.8",811.9,244.2,212.0,41.2,56.4,"9,133.2","8,840.2",268.3,24.7,224.6,214.3,10.3,"720,430.0","11,307.0","22,656.0"
Oct-2005,"2,679.2","1,388.9",815.5,229.6,204.0,41.1,56.4,"9,118.1","8,829.3",266.0,22.7,228.2,216.9,11.3,"745,843.0","11,198.0","22,612.0"
Sep-2005,"2,775.9","1,502.0",830.4,205.7,193.2,44.6,60.7,"8,871.1","8,577.4",268.5,25.2,231.1,219.6,11.5,"750,057.0","11,616.0","21,140.0"
Aug-2005,"2,992.5","1,662.4",886.4,205.2,193.3,45.3,65.6,"8,994.2","8,692.8",277.4,24.0,229.2,216.5,12.7,"793,735.0","13,111.0","23,184.0"
Jul-2005,"2,717.5","1,498.7",824.5,192.2,164.9,37.2,58.6,"7,662.2","7,404.9",236.9,20.4,199.9,190.0,9.9,"719,934.0","11,730.0","19,784.0"
Jun-2005,"2,937.6","1,631.7",872.3,221.1,167.1,45.4,58.9,"8,553.8","8,256.9",272.6,24.3,221.7,209.0,12.7,"772,283.0","13,939.0","21,940.0"
May-2005,"2,793.3","1,516.3",854.1,212.7,166.1,44.1,58.5,"8,031.7","7,750.3",257.5,23.9,208.1,194.8,13.3,"758,078.0","12,977.0","20,499.0"
Apr-2005,"2,560.3","1,358.7",785.7,196.2,175.6,44.1,61.6,"8,445.0","8,168.8",250.0,26.2,220.7,208.7,12.0,"714,995.0","13,056.0","19,548.0"
Mar-2005,"2,725.1","1,392.3",887.4,200.4,202.8,42.3,68.0,"8,949.7","8,644.4",281.1,24.2,280.1,268.8,11.3,"768,776.0","13,681.0","20,223.0"
Feb-2005,"2,342.9","1,152.2",766.2,195.4,188.7,40.4,61.7,"8,107.8","7,843.7",242.6,21.5,214.0,204.4,9.6,"672,182.0","11,058.0","17,730.0"
Jan-2005,"2,528.1","1,251.1",782.4,230.0,221.1,43.5,67.9,"8,480.3","8,200.5",258.5,21.3,209.5,198.6,10.9,"719,859.0","11,164.0","19,416.0"
Dec-2004,"2,690.3","1,312.6",866.7,241.5,229.0,40.5,74.6,"9,249.9","8,945.4",278.6,25.9,242.1,230.9,11.2,"722,811.0","12,259.0","19,910.0"
Nov-2004,"2,542.3","1,230.9",820.7,253.4,195.8,41.5,67.9,"8,972.8","8,675.6",272.3,24.9,242.0,229.7,12.3,"619,301.0","11,443.0","23,125.0"
Oct-2004,"2,745.9","1,329.8",927.1,239.3,201.0,48.7,62.5,"8,969.7","8,682.9",266.2,20.6,241.3,228.4,12.9,"730,516.0","12,135.0","21,740.0"
Sep-2004,"2,737.1","1,395.6",862.0,224.8,200.7,53.9,67.3,"8,999.2","8,699.0",281.1,19.1,243.9,230.5,13.4,"754,743.0","12,720.0","21,664.0"
Aug-2004,"2,820.5","1,481.0",862.9,216.5,203.3,56.8,72.7,"8,721.9","8,418.9",281.7,21.3,233.0,219.3,13.7,"770,730.0","12,894.0","22,628.0"
Jul-2004,"2,787.2","1,479.8",855.1,214.0,188.9,49.4,68.8,"8,095.8","7,802.4",271.4,21.9,220.9,207.0,13.9,"741,776.0","12,524.0","22,033.0"
Jun-2004,"2,994.1","1,563.9",953.4,243.8,182.0,51.1,66.3,"8,505.4","8,201.1",284.6,19.7,231.6,215.7,15.9,"748,857.0","12,403.0","21,502.0"
May-2004,"2,836.1","1,496.5",892.8,230.4,169.1,47.3,64.7,"7,578.6","7,301.3",257.7,19.6,188.7,173.5,15.2,"714,721.0","11,591.0","20,430.0"
Apr-2004,"2,697.7","1,388.5",849.7,229.9,181.7,48.0,70.7,"8,653.2","8,345.2",285.3,22.6,256.2,241.8,14.4,"727,563.0","12,076.0","20,673.0"
Mar-2004,"2,869.3","1,408.3",967.3,227.6,220.4,45.7,76.4,"9,038.5","8,708.0",305.6,25.0,307.1,294.7,12.4,"765,029.0","12,187.0","22,008.0"
Feb-2004,"2,429.2","1,145.6",845.2,192.8,209.9,35.7,71.5,"7,887.4","7,607.6",258.7,21.1,212.5,201.9,10.6,"646,358.0","9,755.0","18,442.0"
Jan-2004,"2,578.6","1,246.8",826.6,240.9,223.5,40.8,79.0,"8,791.0","8,507.8",262.6,20.6,220.0,209.4,10.6,"720,976.0","11,325.0","20,153.0"
Dec-2003,"2,675.3","1,278.5",814.6,284.0,249.0,49.2,97.4,"9,361.0","9,056.9",284.1,20.0,261.9,249.7,12.2,"715,407.0","11,429.0","20,751.0"
Nov-2003,"2,433.5","1,121.2",750.4,273.4,235.6,52.8,78.1,"8,597.4","8,331.6",247.3,18.5,236.1,224.1,12.0,"626,674.0","9,387.0","22,661.0"
Oct-2003,"3,009.5","1,392.7",976.2,298.0,281.2,61.6,87.2,"9,649.2","9,338.3",289.3,21.6,265.1,250.0,15.1,"781,906.0","12,310.0","25,389.0"
Sep-2003,"3,128.9","1,517.6","1,029.6",272.0,252.0,57.7,82.3,"8,573.3","8,268.4",282.8,22.1,257.2,242.7,14.5,"729,180.0","11,035.0","22,470.0"
Aug-2003,"3,138.8","1,592.2",989.8,273.4,227.7,55.7,79.6,"8,057.9","7,771.6",267.1,19.2,241.6,227.9,13.7,"723,786.0","11,685.0","22,358.0"
Jul-2003,"3,290.2","1,689.8","1,051.4",266.7,228.2,54.1,84.9,"8,116.1","7,806.1",289.7,20.4,239.8,225.1,14.7,"762,876.0","12,803.0","23,681.0"
Jun-2003,"3,252.6","1,700.4","1,025.1",263.9,209.7,53.5,74.0,"7,764.2","7,465.4",277.8,21.1,229.4,217.1,12.3,"714,604.0","12,744.0","22,270.0"
May-2003,"3,247.6","1,688.6","1,011.3",267.0,224.8,55.9,76.4,"7,815.8","7,522.4",272.5,20.9,222.2,210.2,12.0,"727,278.0","13,093.0","22,601.0"
Apr-2003,"2,966.1","1,521.7",891.6,257.4,243.4,52.1,79.1,"8,341.9","8,052.7",268.2,21.0,297.3,284.4,12.9,"712,877.0","13,936.0","22,086.0"
Mar-2003,"2,773.9","1,332.0",889.7,248.7,254.0,49.4,85.0,"8,168.3","7,876.4",271.0,20.9,262.7,252.5,10.2,"683,185.0","12,559.0","21,651.0"
Feb-2003,"2,569.2","1,217.2",848.5,227.9,230.5,45.0,83.1,"7,686.1","7,434.2",233.4,18.5,226.3,214.6,11.7,"633,914.0","12,226.0","20,202.0"
Jan-2003,"3,007.9","1,412.2",986.4,284.3,272.8,52.2,93.6,"8,799.4","8,507.3",272.0,20.1,239.2,228.6,10.6,"725,178.0","14,362.0","21,661.0"
Dec-2002,"2,771.8","1,316.4",906.4,267.3,239.0,42.7,98.2,"8,657.4","8,372.9",263.5,21.0,278.7,264.4,14.3,"662,504.0","13,130.0","21,556.0"
Nov-2002,"2,861.1","1,336.1",961.2,281.5,235.2,47.1,90.8,"8,654.2","8,370.3",261.3,22.6,271.1,257.7,13.4,"647,424.0","11,824.0","24,028.0"
Oct-2002,"3,266.6","1,580.0","1,083.0",301.9,247.9,53.9,100.9,"9,403.6","9,083.1",297.4,23.0,300.6,285.9,14.7,"773,084.0","15,373.0","25,050.0"
Sep-2002,"2,866.7","1,445.5",903.3,245.7,220.7,51.5,88.9,"8,505.5","8,220.1",266.3,19.1,276.3,262.6,13.7,"686,869.0","13,843.0","21,788.0"
Aug-2002,"3,212.8","1,691.8",980.2,260.9,224.1,55.9,96.1,"8,545.8","8,216.5",304.9,24.3,265.1,251.8,13.3,"758,120.0","14,715.0","23,843.0"
Jul-2002,"3,187.7","1,682.2",976.4,261.6,216.7,50.9,95.8,"8,068.3","7,751.7",291.6,24.9,259.0,245.1,13.9,"755,730.0","14,645.0","23,395.0"
Jun-2002,"3,062.2","1,620.8",942.5,253.6,191.8,53.5,76.1,"7,531.2","7,246.3",263.1,21.8,230.6,218.1,12.5,"685,229.0","13,305.0","21,480.0"
May-2002,"3,146.6","1,640.1",987.8,259.5,205.3,53.9,78.0,"8,323.1","8,024.3",274.5,24.3,285.7,270.7,15.0,"762,101.0","14,505.0","23,611.0"
Apr-2002,"2,948.7","1,477.1",964.0,243.8,210.9,52.8,82.1,"8,425.3","8,140.8",260.5,24.0,278.9,266.6,12.3,"733,131.0","15,488.0","23,177.0"
Mar-2002,"2,737.7","1,329.9",921.3,231.2,206.7,48.6,77.4,"7,986.5","7,709.7",252.8,24.0,324.3,312.7,11.6,"688,598.0","13,854.0","20,863.0"
Feb-2002,"2,615.6","1,256.9",893.4,216.7,203.1,45.5,73.2,"7,501.2","7,252.8",228.4,20.0,259.4,247.2,12.2,"655,606.0","13,392.0","20,705.0"
Jan-2002,"3,057.0","1,450.5","1,021.5",281.1,251.6,52.3,87.7,"8,660.7","8,370.9",264.1,25.7,256.5,245.8,10.7,"737,844.0","15,785.0","21,748.0"
Dec-2001,"2,779.3","1,377.6",883.0,257.1,216.0,45.7,84.6,"8,419.1","8,154.0",242.9,22.2,279.6,265.9,13.7,"650,962.0","13,061.0","19,867.0"
Nov-2001,"2,903.4","1,374.3",952.6,298.8,227.5,50.2,87.3,"8,716.2","8,436.3",256.0,23.9,287.1,274.7,12.4,"667,540.0","12,321.0","24,677.0"
Oct-2001,"3,162.0","1,522.7","1,036.2",310.6,233.0,59.5,93.9,"9,334.2","9,023.6",278.9,31.7,289.1,275.5,13.6,"769,536.0","14,542.0","26,648.0"
Sep-2001,"2,808.1","1,379.4",947.7,235.9,193.8,51.2,78.8,"7,812.4","7,546.2",242.3,23.9,244.3,233.2,11.1,"653,275.0","12,267.0","21,193.0"
Aug-2001,"3,239.4","1,628.3","1,064.5",272.7,214.2,59.7,94.2,"8,374.7","8,086.6",260.5,27.6,273.4,260.3,13.1,"776,218.0","14,051.0","25,038.0"
Jul-2001,"2,942.5","1,501.9",943.6,253.4,191.1,52.6,83.3,"7,447.6","7,179.0",243.9,24.8,243.5,231.0,12.5,"709,391.0","12,507.0","23,059.0"
Jun-2001,"3,120.2","1,584.5","1,036.0",255.9,189.4,54.4,77.4,"7,484.2","7,212.0",247.0,25.3,232.8,220.2,12.6,"709,053.0","13,522.0","22,574.0"
May-2001,"3,199.8","1,630.9","1,025.2",274.8,211.0,58.0,78.6,"7,958.6","7,667.7",262.1,28.7,238.9,225.2,13.7,"755,640.0","13,722.0","23,412.0"
Apr-2001,"2,714.0","1,341.8",884.2,232.7,206.1,49.3,74.3,"7,837.4","7,559.8",248.6,29.0,290.8,277.9,12.9,"675,819.0","13,041.0","20,463.0"
Mar-2001,"2,918.4","1,416.7",953.2,248.2,246.2,54.1,84.3,"8,329.1","8,028.3",269.8,31.0,328.6,315.5,13.1,"700,816.0","14,302.0","21,790.0"
Feb-2001,"2,580.4","1,210.6",869.6,230.3,224.4,45.5,78.8,"7,604.2","7,351.8",226.4,26.0,245.4,235.2,10.2,"627,380.0","12,734.0","19,278.0"
Jan-2001,"3,002.3","1,422.2",979.2,275.4,274.3,51.1,91.2,"8,644.3","8,339.9",275.7,28.6,268.6,256.5,12.1,"710,683.0","13,999.0","21,303.0"
Dec-2000,"2,716.9","1,304.8",895.4,241.8,232.0,42.8,91.6,"8,076.2","7,811.3",240.4,24.5,299.6,286.3,13.3,"630,905.0",,"19,751.0"
Nov-2000,"2,929.3","1,391.9",972.0,271.2,244.4,49.8,92.5,"8,756.8","8,457.7",271.7,27.5,297.0,283.4,13.6,"662,168.0",,"24,558.0"
Oct-2000,"3,141.4","1,480.1","1,100.3",269.7,237.4,53.9,97.1,"8,882.1","8,580.4",274.8,26.9,278.9,264.5,14.4,"706,499.0",,"25,418.0"
Sep-2000,"3,034.5","1,517.0","1,021.4",227.0,216.9,52.3,93.5,"8,118.4","7,840.1",254.8,23.6,269.5,255.2,14.3,"657,987.0",,"21,859.0"
Aug-2000,"3,259.4","1,681.0","1,061.0",234.4,224.6,58.4,99.8,"8,622.5","8,310.3",284.5,27.8,283.6,267.3,16.3,"760,702.0",,"25,178.0"
Jul-2000,"2,962.2","1,600.9",917.0,205.2,190.8,48.3,98.8,"7,356.6","7,082.4",245.2,29.0,243.2,229.6,13.6,"662,247.0",,"21,412.0"
Jun-2000,"3,236.7","1,676.0","1,040.4",255.1,209.3,56.0,95.3,"7,952.4","7,653.8",266.0,32.5,260.3,244.4,15.9,"733,604.0",,"23,889.0"
May-2000,"3,177.9","1,647.6","1,006.1",256.1,211.7,56.4,91.9,"7,944.7","7,663.3",252.4,29.1,259.6,242.5,17.1,"751,778.0",,"23,869.0"
Apr-2000,"2,783.4","1,410.2",922.5,206.1,196.4,48.1,80.5,"7,227.4","6,979.3",225.6,22.5,345.3,331.7,13.6,"635,886.0",,"20,043.0"
Mar-2000,"3,131.6","1,526.1","1,077.4",217.5,254.8,55.9,102.9,"8,822.1","8,527.3",267.5,27.3,347.0,331.1,15.9,"730,560.0",,"22,634.0"
Feb-2000,"2,936.9","1,395.8","1,046.4",217.0,227.7,49.9,95.0,"8,076.9","7,815.9",235.8,25.3,293.6,280.6,13.0,"672,899.0",,"20,272.0"
Jan-2000,"2,935.8","1,431.7",979.2,243.3,231.0,50.6,92.6,"8,139.7","7,879.7",234.9,25.1,282.2,268.6,13.6,"655,879.0",,"19,184.0"
Dec-1999,"2,874.8","1,425.0",901.0,259.8,238.4,50.6,112.2,"8,884.7","8,582.8",271.9,30.1,355.9,337.6,18.3,"664,778.0",,"21,274.0"
Nov-1999,"2,939.9","1,375.8",979.9,298.6,233.1,52.4,103.4,"8,895.7","8,581.5",284.1,30.1,329.7,312.9,16.8,"650,748.0",,"24,980.0"
Oct-1999,"3,094.2","1,475.3","1,050.8",284.6,226.8,56.7,104.6,"8,943.2","8,638.7",276.0,28.4,304.9,289.8,15.1,"667,154.0",,"23,734.0"
Sep-1999,"3,099.0","1,541.2","1,027.1",251.8,221.7,57.2,119.8,"8,641.4","8,313.3",293.7,34.5,307.6,290.2,17.4,"682,486.0",,"23,133.0"
Aug-1999,"3,150.3","1,600.1","1,020.5",247.0,222.0,60.7,118.2,"8,404.1","8,060.4",307.7,35.9,296.3,279.3,17.0,"708,119.0",,"24,077.0"
Jul-1999,"3,082.9","1,622.0",975.3,231.3,201.7,52.7,110.9,"7,907.6","7,589.6",281.9,36.1,265.2,249.6,15.6,"688,068.0",,"22,139.0"
Jun-1999,"3,206.8","1,655.9","1,045.9",249.4,199.6,56.0,104.8,"8,319.2","7,998.5",282.9,37.9,270.0,252.4,17.6,"703,203.0",,"22,526.0"
May-1999,"2,996.8","1,575.3",921.7,259.7,187.0,53.2,89.4,"7,438.9","7,156.3",251.5,31.1,270.2,254.8,15.4,"671,953.0",,"21,809.0"
Apr-1999,"2,971.0","1,479.6",977.4,247.3,212.4,54.3,96.9,"8,530.2","8,212.5",280.1,37.5,309.4,291.5,17.9,"686,932.0",,"21,950.0"
Mar-1999,"3,050.4","1,465.6","1,031.0",263.2,235.7,54.9,116.8,"9,117.7","8,769.8",308.0,39.9,423.9,406.6,17.3,"706,124.0",,"21,692.0"
Feb-1999,"2,722.5","1,293.2",945.1,223.9,216.1,44.1,99.8,"7,907.7","7,602.3",269.5,35.9,299.5,285.9,13.6,"618,400.0",,"18,062.0"
Jan-1999,"2,961.3","1,427.0",991.1,270.1,227.2,45.9,105.4,"8,553.7","8,231.3",288.8,33.6,268.7,255.4,13.3,"663,691.0",,"19,873.0"
Dec-1998,"2,894.5","1,420.5",887.9,304.1,233.7,48.3,129.9,"9,425.9","9,068.9",320.9,36.0,355.3,333.1,22.2,"661,113.0",,"22,058.0"
Nov-1998,"2,772.6","1,348.7",859.5,301.3,215.0,48.1,112.2,"8,809.0","8,481.9",292.7,34.4,298.1,279.9,18.2,"601,105.0",,"24,383.0"
Oct-1998,"3,054.5","1,406.8","1,070.6",300.9,223.9,52.3,125.0,"9,351.5","8,996.6",313.9,41.0,323.3,304.7,18.6,"687,719.0",,"24,809.0"
Sep-1998,"2,991.4","1,451.4",986.6,281.7,217.8,54.0,135.3,"8,600.2","8,254.8",302.5,42.9,306.5,288.0,18.5,"656,130.0",,"23,047.0"
Aug-1998,"3,039.5","1,554.4",949.5,276.9,205.9,52.8,125.1,"8,169.2","7,823.4",301.3,44.5,275.5,257.0,18.5,"651,038.0",,"22,360.0"
Jul-1998,"3,039.3","1,568.6",929.3,283.1,206.6,51.7,134.0,"8,269.7","7,906.5",314.8,48.4,281.4,262.9,18.5,"686,198.0",,"24,342.0"
Jun-1998,"3,108.1","1,599.6",966.1,284.0,203.4,55.0,117.0,"7,729.5","7,390.5",293.0,46.0,294.5,275.0,19.5,"668,284.0",,"23,379.0"
May-1998,"2,957.2","1,486.0",961.9,258.7,197.8,52.8,101.7,"7,571.2","7,268.8",265.5,36.9,280.8,264.1,16.7,"635,698.0",,"21,288.0"
Apr-1998,"2,927.1","1,421.9",970.7,256.5,226.8,51.2,109.4,"8,327.7","7,997.2",286.6,43.9,384.3,365.4,18.9,"660,982.0",,"22,291.0"
Mar-1998,"2,894.5","1,380.0",997.2,233.9,236.9,46.5,127.2,"8,475.0","8,150.7",284.0,40.4,386.0,369.2,16.8,"653,139.0",,"22,456.0"
Feb-1998,"2,746.8","1,346.3",893.7,232.0,230.4,44.4,113.0,"7,711.5","7,417.8",251.5,42.3,308.5,292.7,15.8,"607,389.0",,"20,834.0"
Jan-1998,"3,039.4","1,449.5",973.9,295.5,272.9,47.6,128.0,"8,588.9","8,272.2",270.6,46.1,309.6,293.3,16.3,"668,891.0",,"21,766.0"
Dec-1997,"2,877.0","1,344.7",873.4,329.2,279.2,50.6,145.1,"8,623.1","8,288.8",287.5,46.8,348.5,327.7,20.8,"647,883.0",,"23,597.0"
Nov-1997,"2,760.3","1,258.8",863.8,333.0,251.7,53.0,125.2,"7,742.1","7,431.1",268.0,43.0,309.5,292.2,17.3,"564,133.0",,"24,523.0"
Oct-1997,"3,224.4","1,444.5","1,091.9",348.6,275.4,64.1,140.8,"8,777.3","8,439.8",289.4,48.0,335.2,316.6,18.6,"703,034.0",,"27,453.0"
Sep-1997,"2,967.7","1,432.6",952.2,279.1,243.2,60.7,136.4,"8,018.1","7,701.4",269.3,47.4,322.3,303.2,19.1,"648,473.0",,"25,345.0"
Aug-1997,"3,107.3","1,576.4",960.5,272.6,234.1,63.8,125.4,"7,348.9","7,044.2",254.8,49.9,301.2,282.1,19.1,"655,008.0",,"24,899.0"
Jul-1997,"3,181.3","1,591.1","1,011.8",283.5,231.4,63.5,134.4,"7,311.5","6,992.1",268.8,50.6,306.4,287.5,18.9,"670,043.0",,"26,605.0"
Jun-1997,"3,060.7","1,544.3",998.1,254.3,202.4,61.6,119.1,"7,003.0","6,697.3",259.1,46.6,303.1,286.3,16.8,"639,961.0",,"25,036.0"
May-1997,"3,181.5","1,649.9",973.3,273.9,222.8,61.6,116.4,"7,101.1","6,803.8",248.7,48.6,316.6,297.6,19.0,"667,566.0",,"24,165.0"
Apr-1997,"3,058.4","1,512.3",949.6,289.2,245.8,61.4,129.2,"7,727.1","7,415.0",256.5,55.6,336.3,316.8,19.5,"663,266.0",,"23,580.0"
Mar-1997,"2,858.8","1,368.0",908.4,277.8,248.0,56.6,130.8,"7,582.2","7,292.4",240.0,49.9,397.4,378.2,19.2,"615,572.0",,"21,466.0"
Feb-1997,"2,795.2","1,315.8",912.2,265.8,252.2,49.2,125.7,"6,971.6","6,695.5",226.0,50.1,327.0,310.2,16.8,"593,081.0",,"20,645.0"
Jan-1997,"3,245.2","1,494.4","1,030.9",365.5,302.5,51.8,146.6,"7,754.4","7,447.5",255.2,51.8,303.9,288.2,15.7,"667,884.0",,"22,917.0"
Dec-1996,"2,876.2","1,283.5",887.7,379.6,275.1,50.2,153.0,"7,621.6","7,319.5",255.3,46.8,348.5,327.3,21.2,"595,041.0",,"22,005.0"
Nov-1996,"2,872.4","1,299.2",830.3,410.6,273.0,59.4,144.8,"7,619.5","7,320.7",250.1,48.7,335.9,316.4,19.5,"573,057.0",,"25,884.0"
Oct-1996,"3,151.7","1,390.8",971.1,422.6,295.3,71.9,165.4,"8,591.2","8,252.0",284.2,55.1,377.4,352.7,24.7,"686,141.0",,"28,051.0"
Sep-1996,"2,759.6","1,300.8",827.7,319.8,245.6,65.8,150.5,"7,693.8","7,373.5",266.0,54.3,326.8,304.1,22.7,"606,694.0",,"24,267.0"
Aug-1996,"3,214.3","1,590.8",949.4,343.9,259.6,70.6,157.8,"7,675.5","7,327.3",290.0,58.3,330.0,305.7,24.3,"660,370.0",,"26,774.0"
Jul-1996,"3,149.0","1,602.0",896.6,339.2,246.5,64.7,160.6,"7,340.6","6,978.6",304.4,57.6,326.7,301.4,25.3,"655,381.0",,"26,498.0"
Jun-1996,"3,146.7","1,632.1",906.2,335.0,213.4,60.1,135.5,"6,532.1","6,197.8",280.7,53.6,282.1,257.7,24.4,"599,799.0",,"24,315.0"
May-1996,"3,329.0","1,720.8",935.0,360.0,246.8,66.3,137.3,"7,634.3","7,251.3",320.7,62.3,324.3,296.8,27.5,"663,234.0",,"25,469.0"
Apr-1996,"3,112.9","1,589.4",878.0,330.5,253.3,61.8,131.5,"8,034.9","7,636.8",331.9,66.1,393.2,367.8,25.4,"626,220.0",,"23,036.0"
Mar-1996,"2,903.4","1,434.2",878.8,287.1,248.8,54.5,145.3,"7,699.2","7,336.4",302.9,59.9,413.3,390.9,22.4,"617,555.0",,"22,615.0"
Feb-1996,"2,927.2","1,428.4",877.8,298.8,269.7,52.4,142.5,"7,660.2","7,303.3",298.1,58.8,363.2,342.2,21.0,"618,637.0",,"22,820.0"
Jan-1996,"3,141.1","1,547.0",917.1,339.1,283.6,54.3,144.0,"8,291.5","7,921.4",311.0,59.1,362.7,340.9,21.8,"644,121.0",,"21,557.0"
Dec-1995,"2,827.0","1,408.6",791.7,320.9,256.5,49.4,128.4,"8,067.2","7,711.3",294.6,61.3,371.4,348.3,23.1,"577,239.0",,"21,277.0"
Nov-1995,"2,986.6","1,397.2",880.4,379.1,270.6,59.3,129.0,"8,592.6","8,211.7",312.2,68.6,377.2,352.8,24.4,"596,524.0",,"25,857.0"
Oct-1995,"3,076.2","1,464.9",953.8,340.4,254.5,62.6,128.8,"8,537.2","8,164.9",304.1,68.2,370.7,346.8,23.9,"640,987.0",,"27,357.0"
Sep-1995,"3,098.0","1,577.5",946.5,273.5,239.3,61.3,122.3,"7,920.4","7,544.2",307.6,68.7,359.3,335.4,23.9,"607,716.0",,"24,230.0"
Aug-1995,"3,236.9","1,730.3",936.5,264.3,242.5,63.4,124.5,"8,264.7","7,829.4",353.4,81.9,371.3,345.4,25.9,"665,681.0",,"26,264.0"
Jul-1995,"2,943.6","1,595.5",869.9,221.8,203.0,53.4,114.1,"7,075.6","6,684.8",319.0,71.8,309.9,287.8,22.1,"585,666.0",,"22,927.0"
Jun-1995,"3,256.2","1,779.0",923.3,267.7,223.5,62.7,117.7,"7,903.1","7,482.6",342.8,77.7,360.2,334.0,26.2,"659,734.0",,"25,864.0"
May-1995,"3,136.1","1,703.2",887.0,261.7,223.7,60.4,116.7,"8,194.1","7,807.9",311.0,75.2,369.8,341.2,28.6,"654,542.0",,"23,550.0"
Apr-1995,"2,661.0","1,401.5",764.6,232.1,211.1,51.8,98.3,"7,546.4","7,208.0",269.0,69.4,440.6,420.1,20.5,"564,327.0",,"19,840.0"
Mar-1995,"2,960.7","1,498.0",864.7,270.8,267.6,59.6,120.4,"8,807.0","8,390.4",326.5,90.0,468.1,443.7,24.4,"651,072.0",,"23,343.0"
Feb-1995,"2,586.1","1,285.0",758.8,241.3,248.6,52.4,106.2,"7,326.5","6,966.7",285.8,74.0,375.3,355.8,19.5,"560,504.0",,"19,960.0"
Jan-1995,"2,871.0","1,434.6",819.5,280.3,283.9,52.8,123.9,"8,090.7","7,680.9",333.0,76.8,386.0,363.8,22.2,"607,437.0",,"20,563.0"
Dec-1994,"2,870.8","1,452.1",788.4,308.8,271.4,50.1,123.6,"8,786.1","8,313.3",390.8,81.9,425.6,397.8,27.8,"581,276.0",,"21,728.0"
Nov-1994,"2,808.0","1,366.4",800.5,332.2,257.1,51.8,117.0,"8,734.1","8,271.5",386.6,76.0,406.5,380.4,26.1,"579,933.0",,"25,630.0"
Oct-1994,"2,948.5","1,506.4",853.9,294.1,240.7,53.4,115.6,"8,795.0","8,361.6",362.0,71.4,397.9,371.3,26.6,"601,695.0",,"25,738.0"
Sep-1994,"2,942.4","1,562.3",838.1,241.1,242.5,58.3,109.1,"8,382.1","7,962.3",343.5,76.3,400.2,372.6,27.6,"612,479.0",,"25,353.0"
Aug-1994,"3,060.6","1,687.0",820.6,242.7,246.5,63.8,107.9,"8,191.2","7,745.2",367.2,78.8,400.4,372.1,28.3,"662,530.0",,"28,007.0"
Jul-1994,"2,821.6","1,587.2",775.1,203.4,206.2,49.7,95.4,"7,100.7","6,700.8",324.7,75.2,317.8,294.2,23.6,"570,384.0",,"22,991.0"
Jun-1994,"3,037.7","1,704.8",844.8,222.8,210.5,54.8,100.7,"7,628.6","7,202.3",339.4,86.9,392.0,365.0,27.0,"628,900.0",,"25,306.0"
May-1994,"2,834.2","1,576.2",759.3,227.4,216.1,55.1,92.6,"7,555.6","7,188.7",294.6,72.3,435.2,406.5,28.7,"587,404.0",,"22,716.0"
Apr-1994,"2,711.1","1,447.3",751.8,227.7,230.0,54.4,94.3,"7,780.9","7,414.4",286.3,80.2,419.6,395.3,24.3,"567,983.0",,"20,815.0"
Mar-1994,"2,859.6","1,435.7",830.0,254.4,282.1,57.5,114.0,"8,326.9","7,903.4",333.2,90.3,530.2,505.6,24.6,"599,941.0",,"22,406.0"
Feb-1994,"2,558.9","1,299.0",743.4,216.2,254.2,46.0,96.0,"6,949.4","6,596.8",280.5,72.1,418.7,399.9,18.8,"521,846.0",,"19,187.0"
Jan-1994,"2,743.0","1,402.0",784.3,247.5,261.8,47.4,101.9,"7,465.9","7,099.0",302.9,64.1,394.3,374.0,20.3,"557,199.0",,"19,036.0"
Dec-1993,"2,775.1","1,411.0",767.5,276.2,268.9,51.5,106.1,"8,396.5","7,992.3",335.3,68.9,442.6,414.2,28.4,"557,400.0",,"20,882.0"
Nov-1993,"2,697.6","1,314.8",759.7,301.4,265.3,56.5,104.9,"8,138.7","7,755.4",317.5,65.8,418.3,390.4,27.9,"536,850.0",,"26,264.0"
Oct-1993,"2,797.6","1,401.7",804.7,277.0,254.5,59.7,97.3,"8,038.3","7,653.6",313.2,71.5,406.3,378.8,27.5,"553,628.0",,"25,858.0"
Sep-1993,"2,869.3","1,475.7",816.3,256.2,260.4,60.7,97.4,"7,946.7","7,522.7",345.6,78.4,425.9,396.8,29.1,"579,618.0",,"25,432.0"
Aug-1993,"2,941.5","1,564.2",820.0,246.8,248.0,62.4,98.3,"7,652.4","7,231.8",345.7,74.9,432.6,404.6,28.0,"590,586.0",,"25,113.0"
Jul-1993,"2,864.8","1,493.9",843.9,235.0,233.6,58.4,93.1,"7,177.8","6,782.6",324.6,70.7,408.9,384.8,24.1,"561,550.0",,"24,396.0"
Jun-1993,"3,013.3","1,610.5",868.3,245.1,228.8,60.6,93.8,"7,509.9","7,101.1",330.3,78.5,478.5,451.3,27.2,"595,360.0",,"25,419.0"
May-1993,"2,774.4","1,504.4",765.6,232.2,219.3,52.9,84.5,"7,147.1","6,793.1",280.5,73.4,410.9,385.8,25.1,"535,353.0",,"21,239.0"
Apr-1993,"2,681.1","1,409.0",720.6,240.6,258.7,52.2,98.1,"8,003.5","7,622.5",299.1,81.9,482.0,456.2,25.8,"557,469.0",,"21,714.0"
Mar-1993,"2,775.3","1,435.9",746.8,249.4,291.5,51.8,118.5,"8,139.2","7,743.2",316.8,79.2,488.8,467.8,21.0,"573,434.0",,"21,825.0"
Feb-1993,"2,466.5","1,263.9",690.1,217.7,248.3,46.4,98.8,"7,087.5","6,749.4",272.8,65.3,394.7,375.3,19.4,"499,260.0",,"18,320.0"
Jan-1993,"2,667.7","1,331.5",753.2,248.3,285.4,49.3,103.9,"7,830.1","7,441.6",314.6,73.9,392.7,372.2,20.5,"540,505.0",,"19,794.0"
Dec-1992,"2,703.1","1,381.8",709.7,279.8,281.1,50.6,124.0,"8,360.1","7,934.3",353.2,72.6,477.5,453.6,23.9,"548,243.0",,"22,608.0"
Nov-1992,"2,559.7","1,271.0",706.6,277.1,253.9,51.2,112.7,"7,985.9","7,603.0",318.5,64.4,430.1,405.1,25.0,"483,519.0",,"24,911.0"
Oct-1992,"2,863.6","1,432.9",801.9,301.7,263.7,63.5,114.4,"8,792.4","8,369.2",346.7,76.5,469.8,440.7,29.1,"553,063.0",,"27,091.0"
Sep-1992,"2,811.3","1,458.3",808.8,237.5,245.6,61.2,110.3,"8,419.9","7,993.1",352.7,74.1,489.6,460.4,29.2,"547,711.0",,"25,229.0"
Aug-1992,"2,782.2","1,494.2",801.6,210.0,216.9,59.4,109.9,"7,682.7","7,268.4",343.6,70.6,418.6,393.5,25.1,"544,959.0",,"24,567.0"
Jul-1992,"2,860.3","1,571.1",796.6,211.1,223.7,57.9,108.8,"7,643.4","7,174.7",386.6,82.1,443.4,415.3,28.1,"571,272.0",,"26,540.0"
Jun-1992,"2,924.3","1,614.3",800.7,231.7,219.6,58.0,107.6,"7,347.1","6,905.3",366.8,74.9,436.1,405.9,30.2,"556,340.0",,"25,086.0"
May-1992,"2,746.2","1,473.6",772.4,235.5,209.9,54.9,105.7,"7,063.1","6,688.1",304.2,70.9,388.2,362.2,26.0,"527,918.0",,"21,707.0"
Apr-1992,"2,587.2","1,364.0",713.4,218.5,240.2,51.1,110.8,"7,792.0","7,395.1",320.0,76.9,526.1,495.8,30.3,"526,628.0",,"22,454.0"
Mar-1992,"2,667.5","1,370.2",759.1,225.6,260.5,52.1,122.5,"8,124.2","7,742.2",310.8,71.2,496.3,470.5,25.8,"537,797.0",,"20,953.0"
Feb-1992,"2,440.4","1,254.9",690.3,200.8,248.8,45.6,113.2,"7,332.2","6,966.5",298.8,66.9,437.0,415.3,21.7,"485,153.0",,"19,463.0"
Jan-1992,"2,927.9","1,449.3",877.9,252.6,299.0,49.0,131.1,"8,345.5","7,926.5",349.9,69.1,483.7,458.9,24.8,"542,435.0",,"20,795.0"
Dec-1991,"2,562.0","1,298.8",699.5,261.3,258.2,44.2,133.7,"7,925.3","7,530.5",334.2,60.7,488.3,459.2,29.1,"493,852.0",,"20,357.0"
Nov-1991,"2,578.4","1,262.5",736.1,273.5,258.0,48.3,128.4,"7,943.1","7,561.5",324.1,57.4,466.6,435.4,31.2,"464,121.0",,"24,815.0"
Oct-1991,"2,932.2","1,464.5",882.3,251.6,273.2,60.6,130.6,"8,498.2","8,091.3",342.3,64.6,522.3,485.8,36.5,"560,063.0",,"28,225.0"
Sep-1991,"2,702.9","1,386.6",851.5,184.7,228.8,51.3,119.0,"7,361.3","6,991.0",310.8,59.5,477.0,443.5,33.5,"497,366.0",,"24,755.0"
Aug-1991,"2,905.1","1,542.1",893.0,188.0,226.8,55.2,111.9,"7,278.6","6,865.3",345.6,67.7,458.0,428.7,29.3,"552,217.0",,"25,768.0"
Jul-1991,"2,844.5","1,515.4",863.3,194.1,220.7,51.1,110.5,"6,736.0","6,320.0",349.3,66.8,449.7,419.4,30.3,"548,787.0",,"24,568.0"
Jun-1991,"2,708.9","1,444.2",812.8,201.4,199.4,51.1,92.3,"6,296.1","5,930.6",301.8,63.6,406.5,378.2,28.3,"494,829.0",,"22,767.0"
May-1991,"2,850.8","1,490.7",849.4,232.3,222.1,56.3,104.8,"7,128.6","6,768.5",294.5,65.7,461.2,431.0,30.2,"545,419.0",,"23,730.0"
Apr-1991,"2,742.0","1,438.7",791.6,225.6,233.8,52.3,107.3,"7,496.5","7,147.3",280.6,68.6,456.6,428.3,28.3,"526,076.0",,"22,131.0"
Mar-1991,"2,508.6","1,248.3",741.0,215.5,255.6,48.2,121.7,"7,215.6","6,880.6",268.4,66.6,565.2,541.4,23.8,"476,689.0",,"19,944.0"
Feb-1991,"2,470.6","1,219.1",742.7,213.4,248.2,47.2,123.1,"6,637.4","6,312.2",261.6,63.6,461.6,440.0,21.6,"463,590.0",,"19,047.0"
Jan-1991,"2,883.4","1,416.4",859.2,270.0,287.4,50.3,153.1,"7,652.3","7,271.8",313.8,66.7,507.9,485.3,22.6,"517,268.0",,"20,729.0"
Dec-1990,"2,453.3","1,227.6",694.8,263.9,221.6,45.4,139.9,"7,354.6","7,003.3",296.7,54.6,464.8,437.9,26.9,"446,035.0",,"19,167.0"
Nov-1990,"2,701.0","1,302.2",787.0,316.2,243.1,52.5,153.2,"7,532.1","7,152.1",317.3,62.6,480.8,453.9,26.9,"484,210.0",,"26,061.0"
Oct-1990,"2,963.2","1,401.6",919.9,328.6,252.4,60.8,162.6,"7,757.0","7,350.9",339.2,66.8,508.4,477.3,31.1,"545,288.0",,"28,494.0"
Sep-1990,"2,616.0","1,275.5",842.4,236.7,207.0,54.3,136.4,"6,889.4","6,509.9",313.9,65.6,439.6,411.5,28.1,"449,691.0",,"23,278.0"
Aug-1990,"2,984.0","1,508.4",926.5,256.7,229.1,63.4,150.9,"7,302.8","6,847.8",378.0,77.0,482.4,451.1,31.3,"541,869.0",,"27,205.0"
Jul-1990,"2,861.4","1,455.4",910.8,249.7,192.4,53.2,142.7,"6,153.3","5,745.0",338.3,69.9,447.9,417.7,30.2,"491,313.0",,"24,150.0"
Jun-1990,"2,936.2","1,519.6",913.7,260.6,187.0,55.2,134.9,"6,320.9","5,908.0",338.0,75.0,440.3,410.3,30.0,"489,606.0",,"23,173.0"
May-1990,"2,993.4","1,548.8",896.1,269.6,220.4,58.4,140.6,"6,980.5","6,581.1",321.3,78.0,478.7,445.8,32.9,"512,594.0",,"22,896.0"
Apr-1990,"2,618.6","1,349.4",770.1,235.1,213.6,50.3,130.9,"6,961.6","6,618.9",275.0,67.7,487.2,459.0,28.2,"468,255.0",,"19,561.0"
Mar-1990,"2,761.3","1,397.2",831.4,227.9,253.5,51.3,169.4,"7,454.8","7,090.2",290.9,73.7,492.9,469.3,23.6,"484,502.0",,"20,643.0"
Feb-1990,"2,501.1","1,240.1",769.1,213.6,232.1,46.2,148.1,"6,810.1","6,495.0",255.6,59.5,441.1,420.6,20.5,"431,817.0",,"17,457.0"
Jan-1990,"2,853.0","1,362.0",829.3,317.5,288.8,55.5,179.7,"7,618.5","7,204.7",339.9,73.9,489.6,466.1,23.5,"496,160.0",,"19,099.0"
Dec-1989,"2,679.6","1,283.2",789.4,320.5,238.1,48.4,172.3,"7,233.0","6,836.9",338.4,57.8,469.3,447.8,21.5,"467,175.0",,"19,495.0"
Nov-1989,"2,784.6","1,298.0",815.7,349.4,261.6,60.0,182.3,"8,039.3","7,610.3",363.1,65.8,480.7,453.9,26.8,"447,309.0",,"25,053.0"
Oct-1989,"2,964.1","1,372.8",931.7,337.0,258.7,63.9,198.4,"8,032.1","7,600.9",367.6,63.7,483.9,449.8,34.1,"469,005.0",,"25,026.0"
Sep-1989,"2,773.8","1,353.3",874.2,252.1,236.8,57.4,179.2,"7,678.3","7,239.7",374.0,64.6,456.0,424.9,31.1,"452,721.0",,"23,576.0"
Aug-1989,"3,047.0","1,492.3",972.0,260.1,259.1,63.5,194.7,"7,587.5","7,080.5",430.1,77.0,494.4,455.9,38.5,"517,485.0",,"26,792.0"
Jul-1989,"2,794.1","1,384.7",902.8,239.5,212.9,54.2,174.2,"6,301.3","5,860.4",374.1,66.8,414.7,383.5,31.2,"441,554.0",,"22,069.0"
Jun-1989,"3,024.4","1,505.3",952.2,286.0,222.4,58.4,167.2,"7,080.9","6,613.7",387.9,79.2,437.3,405.2,32.1,"485,333.0",,"23,587.0"
May-1989,"3,025.3","1,521.6",907.4,306.9,233.0,56.5,163.2,"7,480.3","7,052.7",352.6,75.0,447.7,410.6,37.1,"486,634.0",,"21,839.0"
Apr-1989,"2,644.0","1,336.3",762.7,262.8,229.9,52.4,157.5,"7,382.7","7,020.8",297.4,64.6,409.1,382.0,27.1,"421,828.0",,"16,411.0"
Mar-1989,"2,818.7","1,397.1",839.2,253.7,278.4,50.3,200.0,"7,763.0","7,366.1",325.1,71.8,519.6,492.9,26.7,"465,938.0",,"18,422.0"
Feb-1989,"2,568.0","1,261.5",807.3,207.5,249.6,42.1,180.7,"6,796.8","6,463.0",277.3,56.5,424.5,405.1,19.4,"404,658.0",,"14,888.0"
Jan-1989,"2,793.5","1,329.4",852.1,273.0,287.5,51.5,202.6,"7,316.2","6,909.0",340.3,66.8,427.7,408.3,19.4,"439,673.0",,"14,576.0"
Dec-1988,"2,773.9","1,354.6",816.0,282.0,272.7,48.5,210.6,"7,945.5","7,542.2",339.4,64.0,459.7,438.1,21.6,"422,229.0",,"16,197.0"
Nov-1988,"2,799.8","1,318.1",826.9,326.8,273.9,54.0,209.9,"8,138.0","7,721.3",355.0,61.7,431.9,405.0,26.9,"415,678.0",,"21,963.0"
Oct-1988,"2,965.7","1,368.5",964.9,320.3,253.1,58.9,206.2,"8,096.2","7,668.1",359.3,68.8,452.1,422.1,30.0,"433,998.0",,"23,271.0"
Sep-1988,"3,010.0","1,436.6",993.4,269.4,252.0,58.6,214.9,"7,719.4","7,238.9",389.4,91.2,469.0,441.0,28.0,"440,987.0",,"22,101.0"
Aug-1988,"3,207.0","1,567.5","1,039.2",282.7,259.0,58.6,234.5,"7,292.4","6,800.5",421.0,70.9,461.5,434.4,27.1,"470,593.0",,"23,760.0"
Jul-1988,"2,982.7","1,493.5",927.3,270.7,241.9,49.4,215.1,"6,366.0","5,928.5",371.7,65.7,405.0,379.9,25.1,"404,976.0",,"19,887.0"
Jun-1988,"3,067.7","1,548.9",913.2,318.8,229.3,57.6,211.8,"6,902.2","6,451.0",380.3,70.9,427.7,399.7,28.0,"449,229.0",,"22,744.0"
May-1988,"2,908.5","1,508.9",849.8,287.7,206.6,55.5,179.1,"6,884.0","6,526.1",293.3,64.6,427.4,399.6,27.8,"437,418.0",,"20,387.0"
Apr-1988,"2,782.8","1,447.6",822.3,241.6,220.0,51.4,176.6,"7,091.2","6,758.6",268.1,64.5,404.6,378.6,26.0,"416,787.0",,"16,849.0"
Mar-1988,"2,896.2","1,434.9",893.9,255.4,257.4,54.6,223.1,"7,692.2","7,315.0",306.5,70.7,548.1,524.6,23.5,"445,895.0",,"19,345.0"
Feb-1988,"2,758.5","1,400.6",815.4,247.1,247.1,48.4,210.2,"6,686.9","6,332.0",293.4,61.6,416.7,396.3,20.4,"410,645.0",,"16,102.0"
Jan-1988,"2,926.1","1,464.0",891.5,270.3,251.8,48.5,213.8,"6,980.6","6,633.8",290.4,56.4,389.3,370.8,18.5,"410,271.0",,"14,828.0"
Dec-1987,"2,898.7","1,425.0",867.6,305.1,250.1,50.9,252.0,"7,813.1","7,460.7",296.8,55.6,451.0,428.4,22.6,"419,496.0",,"17,403.0"
Nov-1987,"2,750.9","1,312.9",817.0,336.6,233.4,51.1,221.9,"7,320.7","6,979.4",285.8,55.5,411.6,389.9,21.7,"376,553.0",,"22,515.0"
Oct-1987,"3,131.4","1,511.7",962.1,337.6,255.8,64.2,245.7,"7,700.3","7,336.8",305.2,58.4,460.2,434.4,25.8,"434,790.0",,"24,857.0"
Sep-1987,"3,068.2","1,423.4","1,054.3",289.6,237.0,63.9,240.0,"7,027.4","6,638.9",327.0,61.5,474.4,449.6,24.8,"441,131.0",,"23,989.0"
Aug-1987,"3,055.9","1,491.9",958.4,285.9,262.2,57.6,212.5,"6,179.9","5,784.6",334.7,60.6,415.9,393.0,22.9,"420,180.0",,"22,769.0"
Jul-1987,"3,099.0","1,562.4",915.6,315.2,246.1,59.7,231.2,"6,188.5","5,777.3",347.5,63.7,426.0,400.1,25.9,"440,309.0",,"23,178.0"
Jun-1987,"3,035.0","1,527.3",900.7,322.6,224.7,59.8,225.0,"6,160.5","5,771.5",325.2,63.8,420.3,393.5,26.8,"441,996.0",,"21,592.0"
May-1987,"2,871.9","1,438.1",852.2,316.1,205.6,59.9,200.2,"6,083.7","5,771.4",252.7,59.6,373.5,347.8,25.7,"402,939.0",,"17,440.0"
Apr-1987,"2,971.1","1,522.3",855.6,301.7,232.5,58.9,225.8,"6,667.2","6,334.5",268.0,64.7,496.4,470.4,26.0,"406,872.0",,"16,378.0"
Mar-1987,"2,904.4","1,413.5",892.5,273.3,268.1,56.9,263.0,"6,967.1","6,654.0",255.6,57.5,442.6,421.1,21.5,"413,332.0",,"15,134.0"
Feb-1987,"2,659.4","1,282.9",823.6,245.8,256.2,50.8,236.6,"6,054.7","5,760.5",239.7,54.5,399.6,381.2,18.4,"370,774.0",,"12,974.0"
Jan-1987,"3,201.0","1,531.0","1,006.8",324.9,283.3,55.0,260.8,"6,917.8","6,593.7",266.5,57.6,428.1,410.7,17.4,"404,046.0",,"12,832.0"
Dec-1986,"3,075.6","1,399.7",874.5,425.2,320.8,55.4,288.9,"6,796.0","6,386.7",346.1,63.2,454.3,431.7,22.6,"409,746.0",,"15,284.0"
Nov-1986,"2,819.1","1,290.6",792.5,399.9,279.5,56.5,255.6,"6,254.8","5,925.8",276.4,52.6,412.8,392.2,20.6,"340,736.0",,"19,081.0"
Oct-1986,"3,285.4","1,585.5",931.5,397.7,305.3,65.4,295.3,"7,279.1","6,911.2",304.2,63.7,510.5,481.6,28.9,"408,226.0",,"22,467.0"
Sep-1986,"3,128.0","1,498.0",957.5,332.6,275.6,64.2,281.2,"6,503.5","6,118.8",316.8,67.9,510.8,484.0,26.8,"399,286.0",,"21,046.0"
Aug-1986,"3,202.6","1,496.6","1,008.9",315.0,320.1,62.0,278.3,"5,972.0","5,574.5",328.5,69.0,443.6,417.6,26.0,"393,927.0",,"19,762.0"
Jul-1986,"3,321.9","1,555.2","1,003.8",361.8,336.0,65.1,299.6,"6,097.8","5,671.3",353.4,73.2,449.5,422.5,27.0,"402,536.0",,"19,680.0"
Jun-1986,"3,122.9","1,519.7",920.1,332.2,288.8,62.1,257.2,"6,075.5","5,698.2",311.3,66.0,419.5,391.6,27.9,"391,891.0",,"17,254.0"
May-1986,"3,234.3","1,505.0",971.3,349.0,343.8,65.2,276.0,"6,888.4","6,526.6",296.0,65.8,431.6,396.4,35.2,"398,816.0",,"15,173.0"
Apr-1986,"3,214.3","1,542.8",926.1,275.1,416.3,54.0,302.8,"7,352.4","6,999.1",288.6,64.7,492.5,458.4,34.1,"398,532.0",,"12,929.0"
Mar-1986,"2,838.8","1,339.0",870.7,305.2,267.7,56.2,293.5,"6,856.7","6,515.0",280.0,61.8,540.4,515.7,24.7,"360,110.0",,"12,449.0"
Feb-1986,"2,714.7","1,269.5",850.9,291.9,254.5,47.8,271.8,"6,336.9","5,992.2",287.1,57.6,451.6,430.1,21.5,"349,477.0",,"10,687.0"
Jan-1986,"3,330.7","1,514.6",988.6,441.8,324.3,61.3,307.8,"7,185.0","6,764.3",352.6,68.1,518.0,492.5,25.5,"389,497.0",,"11,044.0"
Dec-1985,,"1,294.4",,371.7,371.7,,,,,,,,,,"352,589.0",,"13,004.0"
Nov-1985,,"1,237.7",,355.1,355.1,,,,,,,,,,"325,845.0",,"17,682.0"
Oct-1985,,"1,407.9",,368.3,368.3,,,,,,,,,,"406,356.0",,"20,831.0"
Sep-1985,,"1,397.0",,280.4,280.4,,,,,,,,,,"354,690.0",,"18,138.0"
Aug-1985,,"1,518.8",,284.1,285.1,,,,,,,,,,"398,826.0",,"18,590.0"
Jul-1985,,"1,523.3",,280.3,281.3,,,,,,,,,,"399,428.0",,"17,273.0"
Jun-1985,,"1,438.7",,253.6,254.6,,,"6,394.0","5,991.4",329.5,73.1,,,,"361,451.0",,"15,204.0"
May-1985,,"1,552.5",,283.9,283.9,,,"7,566.0","7,162.2",326.7,77.1,,,,"396,518.0",,"13,619.0"
Apr-1985,,"1,377.1",,276.4,277.4,,,"7,382.6","7,016.4",291.1,75.1,,,,"387,763.0",,"11,168.0"
Mar-1985,,"1,349.1",,283.9,285.0,,,"7,133.6","6,766.2",289.2,78.2,,,,"355,018.0",,"11,231.0"
Feb-1985,,"1,290.6",,288.9,288.9,,,"6,396.0","6,040.6",287.4,68.0,,,,"325,431.0",,"9,167.0"
Jan-1985,,"1,522.2",,366.0,366.0,,,"7,341.6","6,919.5",350.9,71.2,,,,"375,131.0",,"9,257.0"
Dec-1984,,"1,253.8",,366.9,368.0,,,,,,,,501.5,28.9,"325,586.0",,"11,416.0"
Nov-1984,,"1,351.3",,397.1,398.1,,,,,,,,504.5,36.1,"332,157.0",,"16,726.0"
Oct-1984,,"1,510.7",,422.0,422.0,,,,,,,,554.2,53.8,"393,852.0",,"20,182.0"
Sep-1984,,"1,377.9",,350.8,350.8,,,,,,,,501.9,45.7,"338,237.0",,"16,458.0"
Aug-1984,,"1,531.4",,392.7,393.7,,,,,,,,529.0,54.1,"402,868.0",,"18,235.0"
Jul-1984,,"1,441.6",,340.2,340.2,,,,,,,,482.1,46.6,"366,170.0",,"15,697.0"
Jun-1984,,"1,569.5",,334.2,334.2,,,,,,,,462.7,53.7,"367,532.0",,"14,424.0"
May-1984,,"1,629.4",,351.1,351.1,,,,,,,,510.7,62.7,"387,890.0",,"12,975.0"
Apr-1984,,"1,400.2",,313.9,313.9,,,,,,,,570.0,45.8,"342,948.0",,"10,470.0"
Mar-1984,,"1,513.0",,323.0,323.0,,,,,,,,562.6,37.9,"351,345.0",,"10,002.0"
Feb-1984,,"1,432.0",,329.0,330.0,,,,,,,,530.6,30.7,"323,502.0",,"8,898.0"
Jan-1984,,"1,465.5",,387.6,387.6,,,,,,,,517.4,35.9,"340,241.0",,"8,136.0"
Dec-1983,,"1,482.4",,385.3,386.4,,,,,,,,514.3,37.0,"313,208.0",,"11,329.0"
Nov-1983,,"1,377.6",,378.1,378.1,,,,,,,,487.8,40.4,"309,773.0",,"17,931.0"
Oct-1983,,"1,451.1",,382.9,382.9,,,,,,,,553.0,47.6,"341,530.0",,"18,102.0"
Sep-1983,,"1,508.5",,349.5,350.5,,,,,,,,561.0,56.0,"349,947.0",,"17,444.0"
Aug-1983,,"1,611.5",,334.7,334.7,,,,,,,,561.5,46.8,"380,313.0",,"18,396.0"
Jul-1983,,"1,402.5",,269.1,269.1,,,,,,,,475.0,39.3,"332,128.0",,"14,927.0"
Jun-1983,,"1,523.2",,297.2,298.2,,,,,,,,477.9,47.6,"373,732.0",,"15,201.0"
May-1983,,"1,472.2",,283.1,284.1,,,,,,,,479.1,47.7,"364,275.0",,"12,062.0"
Apr-1983,,"1,392.9",,265.6,266.6,,,,,,,,484.4,39.1,"345,740.0",,"10,563.0"
Mar-1983,,"1,488.5",,272.9,274.0,,,,,,,,599.6,33.9,"368,250.0",,"11,979.0"
Feb-1983,,"1,345.6",,252.9,252.9,,,,,,,,439.8,28.7,"313,680.0",,"8,477.0"
Jan-1983,,"1,428.8",,323.7,324.7,,,,,,,,493.0,28.7,"340,252.0",,"8,532.0"
Dec-1982,,"1,371.8",,363.3,364.4,,,,,,,,506.8,44.2,"324,325.0",,"11,725.0"
Nov-1982,,"1,331.2",,360.2,361.2,,,,,,,,515.8,41.2,"312,009.0",,"18,546.0"
Oct-1982,,"1,430.7",,347.4,347.4,,,,,,,,532.1,41.2,"336,440.0",,"17,758.0"
Sep-1982,,"1,485.8",,306.8,306.8,,,,,,,,552.6,42.4,"351,952.0",,"17,799.0"
Aug-1982,,"1,465.2",,302.6,303.6,,,,,,,,489.6,43.4,"360,424.0",,"17,879.0"
Jul-1982,,"1,372.2",,283.7,283.7,,,,,,,,457.6,42.4,"352,584.0",,"15,310.0"
Jun-1982,,"1,525.0",,290.1,291.1,,,,,,,,479.7,45.3,"367,476.0",,"14,306.0"
May-1982,,"1,420.5",,272.1,272.1,,,,,,,,423.8,40.2,"338,337.0",,"10,888.0"
Apr-1982,,"1,444.1",,279.5,279.5,,,,,,,,504.0,45.4,"341,112.0",,"9,767.0"
Mar-1982,,"1,533.9",,292.7,293.8,,,,,,,,552.4,29.6,"357,859.0",,"10,693.0"
Feb-1982,,"1,411.2",,279.0,279.0,,,,,,,,474.5,25.5,"310,082.0",,"7,804.0"
Jan-1982,,"1,486.0",,297.0,297.0,,,,,,,,494.5,25.5,"315,510.0",,"7,885.0"
Dec-1981,,"1,498.0",812.6,321.6,321.6,58.6,,,"7,730.0",461.0,90.9,,507.6,27.7,"327,883.0",,"12,684.0"
Nov-1981,,"1,364.3",829.1,300.6,301.7,58.8,,,"7,140.8",379.6,80.1,,459.3,30.9,"291,510.0",,"17,566.0"
Oct-1981,,"1,479.4",944.3,316.9,316.9,68.1,,,"7,663.4",396.2,83.8,,533.0,41.2,"349,356.0",,"18,557.0"
Sep-1981,,"1,426.0",935.0,293.3,294.3,75.4,,,"7,093.6",426.3,91.5,,524.8,44.9,"349,618.0",,"18,251.0"
Aug-1981,,"1,414.1",912.5,267.8,268.9,70.9,,,"6,349.0",416.6,88.5,,447.6,43.0,"345,646.0",,"17,597.0"
Jul-1981,,"1,453.5",859.7,267.2,268.3,71.8,,,"6,281.5",434.4,95.8,,419.1,40.8,"365,542.0",,"17,019.0"
Jun-1981,,"1,528.8",814.3,258.0,259.1,68.7,,,"6,458.2",412.0,99.1,,412.4,46.9,"366,236.0",,"15,310.0"
May-1981,,"1,459.0",741.8,244.4,245.5,64.8,,,"6,851.6",358.5,88.6,,399.6,42.6,"349,318.0",,"11,940.0"
Apr-1981,,"1,427.8",797.8,259.1,260.2,66.4,,,"7,854.2",375.0,96.9,,504.0,33.6,"353,350.0",,"10,390.0"
Mar-1981,,"1,568.9",787.9,251.9,251.9,61.1,,,"7,882.8",375.3,93.0,,479.3,25.8,"346,307.0",,"9,652.0"
Feb-1981,,"1,366.3",764.8,237.8,237.8,52.5,,,"6,761.1",352.8,81.7,,419.9,19.6,"298,083.0",,"8,252.0"
Jan-1981,,"1,521.6",827.6,299.1,299.1,57.9,,,"7,624.3",416.6,90.0,,484.8,19.6,"333,030.0",,"9,029.0"
Dec-1980,,"1,405.9",839.2,312.7,312.7,58.0,,,"7,647.3",463.3,89.5,,456.3,30.1,"320,965.0",,"12,225.0"
Nov-1980,,"1,297.2",741.1,304.2,305.3,57.2,,,"7,180.1",436.4,86.9,,400.6,31.2,"276,245.0",,"16,039.0"
Oct-1980,,"1,532.9",950.1,332.4,332.4,71.8,,,"8,181.0",461.6,94.6,,490.6,42.9,"339,715.0",,"18,245.0"
Sep-1980,,"1,422.9",874.6,279.8,279.8,68.3,,,"7,343.4",470.3,94.7,,447.6,40.9,"327,390.0",,"16,707.0"
Aug-1980,,"1,342.2",903.1,269.9,269.9,66.9,,,"6,441.8",487.7,100.0,,406.0,42.0,"330,650.0",,"15,779.0"
Jul-1980,,"1,442.7",821.5,254.3,254.3,64.9,,,"6,594.2",524.5,101.4,,397.4,42.9,"339,826.0",,"16,927.0"
Jun-1980,,"1,410.5",769.0,227.9,229.0,61.8,,,"7,035.7",487.7,94.2,,371.7,44.8,"340,847.0",,"14,479.0"
May-1980,,"1,478.4",786.3,228.4,229.5,57.4,,,"7,981.8",454.6,99.3,,434.1,35.1,"348,032.0",,"12,694.0"
Apr-1980,,"1,466.2",733.4,229.8,229.8,55.6,,,"8,378.4",409.8,97.7,,452.2,33.3,"347,917.0",,"10,062.0"
Mar-1980,,"1,392.9",691.1,217.2,217.2,52.4,,,"7,742.5",375.1,90.9,,460.3,24.8,"321,520.0",,"9,327.0"
Feb-1980,,"1,418.8",715.4,230.0,230.0,52.2,,,"7,163.1",361.7,82.6,,411.1,20.6,"304,616.0",,"7,544.0"
Jan-1980,,"1,544.8",769.9,278.0,278.0,57.7,,,"7,872.5",463.0,84.9,,441.1,21.7,"331,238.0",,"9,027.0"
Dec-1979,,"1,357.5",714.2,265.3,265.3,50.5,,,"7,033.6",520.4,82.3,,378.0,24.9,"276,841.0",,"10,581.0"
Nov-1979,,"1,353.3",814.8,287.1,288.1,55.0,,,"7,853.7",553.2,92.4,,376.0,27.2,"283,723.0",,"16,939.0"
Oct-1979,,"1,496.0",928.6,275.3,275.3,63.2,,,"8,478.1",528.2,94.8,,439.0,35.4,"356,311.0",,"18,992.0"
Sep-1979,,"1,285.1",782.3,214.5,214.5,54.4,,,"6,598.7",439.1,79.1,,395.5,32.4,"298,215.0",,"15,457.0"
Aug-1979,,"1,558.2",939.5,239.6,239.6,57.3,,,"7,332.8",539.4,90.4,,400.0,33.4,"366,235.0",,"18,252.0"
Jul-1979,,"1,377.1",801.3,215.8,215.8,52.4,,,"6,457.0",465.9,80.1,,370.2,30.2,"344,163.0",,"15,134.0"
Jun-1979,,"1,468.6",765.5,217.2,217.2,50.0,,,"6,512.6",356.7,74.9,,350.3,35.4,"334,845.0",,"13,494.0"
May-1979,,"1,484.7",774.3,240.7,240.7,52.2,,,"7,144.9",340.4,74.7,,393.4,41.3,"360,006.0",,"10,833.0"
Apr-1979,,"1,334.8",699.1,227.0,227.0,45.0,,,"6,854.4",310.8,70.7,,415.1,29.3,"315,707.0",,"8,090.0"
Mar-1979,,"1,498.0",799.1,253.2,253.2,49.1,,,"6,995.4",325.5,77.0,,422.6,21.6,"321,418.0",,"6,789.0"
Feb-1979,,"1,445.7",774.3,235.3,235.3,46.0,,,"5,597.8",291.4,57.5,,345.6,18.5,"268,597.0",,"5,282.0"
Jan-1979,,"1,717.8",948.2,293.2,294.3,53.5,,,"6,310.0",332.0,53.4,,385.4,16.4,"317,262.0",,"6,269.0"
Dec-1978,,"1,499.6",888.2,302.2,302.2,54.8,,,"6,008.3",364.9,61.2,,389.3,21.8,"269,579.0",,"9,777.0"
Nov-1978,,"1,519.6",990.6,345.3,346.4,66.9,,,"6,606.7",373.1,61.7,,406.2,24.0,"274,510.0",,"15,739.0"
Oct-1978,,"1,536.7","1,080.4",358.0,358.0,75.0,,,"6,423.3",354.7,62.4,,446.6,29.1,"309,829.0",,"17,063.0"
Sep-1978,,"1,441.7","1,064.8",324.8,324.8,67.1,,,"6,046.3",333.3,61.3,,425.4,29.2,"293,385.0",,"15,461.0"
Aug-1978,,"1,583.3","1,092.6",353.6,353.6,74.5,,,"6,044.2",370.6,66.6,,422.1,36.7,"335,466.0",,"16,752.0"
Jul-1978,,"1,416.1",944.5,318.0,319.1,64.0,,,"5,252.9",321.0,57.3,,389.7,33.3,"293,108.0",,"13,587.0"
Jun-1978,,"1,541.5",923.1,361.1,361.1,73.7,,,"5,638.6",319.2,68.8,,410.5,46.7,"317,624.0",,"13,013.0"
May-1978,,"1,656.4",971.7,367.7,367.7,72.7,,,"6,196.1",293.6,67.7,,420.0,47.7,"319,935.0",,"9,259.0"
Apr-1978,,"1,510.2",915.9,343.8,344.9,65.3,,,"6,098.0",294.1,65.5,,412.8,36.6,"271,626.0",,"5,803.0"
Mar-1978,,"1,661.7",999.4,370.2,371.3,67.4,,,"6,658.8",339.2,71.8,,471.0,30.9,"297,334.0",,"6,115.0"
Feb-1978,,"1,556.8",913.3,370.3,371.3,58.0,,,"5,688.9",337.9,64.7,,382.1,19.6,"257,465.0",,"4,203.0"
Jan-1978,,"1,607.1",969.5,416.7,417.8,57.9,,,"5,853.6",335.7,53.3,,419.1,18.5,"276,549.0",,"5,030.0"
Dec-1977,,"1,559.5",934.7,455.4,455.4,65.1,,,"6,058.1",407.3,62.3,,432.7,22.7,"266,227.0",,"9,267.0"
Nov-1977,,"1,545.7",945.6,487.0,487.0,76.4,,,"6,728.7",406.7,62.7,,464.2,31.2,"258,619.0",,"15,668.0"
Oct-1977,,"1,540.0","1,049.8",443.1,443.1,80.2,,,"6,352.0",359.0,60.4,,496.4,48.8,"273,439.0",,"15,905.0"
Sep-1977,,"1,588.1","1,086.4",407.7,407.7,81.8,,,"6,336.9",360.2,65.4,,536.6,51.8,"288,538.0",,"16,157.0"
Aug-1977,,"1,759.3","1,064.1",420.3,420.3,86.0,,,"5,958.3",383.7,67.8,,519.6,58.6,"318,553.0",,"16,694.0"
Jul-1977,,"1,586.8",899.5,372.0,373.1,76.1,,,"4,711.7",344.3,64.7,,432.1,54.0,"277,317.0",,"13,319.0"
Jun-1977,,"1,809.9",957.1,390.4,390.4,80.7,,,"5,512.8",363.0,81.6,,504.9,65.3,"308,558.0",,"12,502.0"
May-1977,,"1,607.7",910.0,353.4,353.4,75.7,,,"5,763.0",306.8,63.7,,438.6,52.9,"292,004.0",,"7,992.0"
Apr-1977,,"1,601.3",916.3,337.8,338.9,70.2,,,"6,309.6",276.7,65.5,,522.1,40.7,"268,582.0",,"5,788.0"
Mar-1977,,"1,710.8","1,025.3",402.9,404.0,74.9,,,"7,117.9",342.0,86.5,,564.6,30.8,"284,924.0",,"6,120.0"
Feb-1977,,"1,491.3",932.5,403.8,404.9,68.4,,,"5,665.3",346.4,84.8,,446.1,27.7,"241,531.0",,"4,314.0"
Jan-1977,,"1,536.4","1,024.4",459.6,460.7,66.1,,,"5,736.0",339.9,51.4,,489.6,23.7,"255,836.0",,"4,524.0"
Dec-1976,,"1,490.4",968.3,488.5,489.6,73.4,,,"6,423.2",408.1,48.5,,526.3,24.8,"255,941.0",,"9,369.0"
Nov-1976,,"1,434.6",974.4,500.5,500.5,81.9,,,"6,994.7",410.1,53.5,,501.8,32.0,"250,371.0",,"16,916.0"
Oct-1976,,"1,573.2","1,058.7",472.8,473.9,81.2,,,"6,792.5",365.3,53.1,,530.6,43.3,"274,062.0",,"16,755.0"
Sep-1976,,"1,658.9","1,052.1",473.6,474.7,89.5,,,"6,239.7",350.6,47.0,,607.7,38.5,"286,929.0",,"17,230.0"
Aug-1976,,"1,707.7","1,024.4",428.6,428.6,86.8,,,"5,831.3",335.3,47.9,,542.3,42.6,"294,594.0",,"17,028.0"
Jul-1976,,"1,652.3",940.4,404.7,404.7,82.2,,,"4,804.4",277.2,49.2,,503.4,43.8,"283,237.0",,"15,308.0"
Jun-1976,,"1,672.8",987.2,412.7,412.7,92.3,,,"5,073.1",277.1,50.4,,472.3,51.1,"301,897.0",,"13,032.0"
May-1976,,"1,496.4",923.7,369.9,369.9,82.7,,,"5,067.2",222.3,44.0,,403.8,43.8,"270,444.0",,"7,838.0"
Apr-1976,,"1,503.4",999.9,382.0,383.1,82.3,,,"5,820.3",219.4,47.0,,546.7,43.1,"270,576.0",,"6,181.0"
Mar-1976,,"1,761.2","1,173.1",398.7,399.8,81.9,,,"6,333.3",231.1,48.1,,563.0,23.7,"278,484.0",,"5,352.0"
Feb-1976,,"1,437.2",989.4,418.2,418.2,73.7,,,"4,888.4",194.5,40.0,,503.4,24.7,"229,959.0",,"4,391.0"
Jan-1976,,"1,492.2","1,070.9",557.0,558.1,82.9,,,"5,382.0",269.0,45.4,,580.2,20.6,"256,278.0",,"4,937.0"
Dec-1975,,"1,364.9",927.1,623.6,624.7,91.2,,,"5,426.7",367.8,44.5,,565.1,41.5,"248,100.0",,"10,094.0"
Nov-1975,,"1,261.6",907.6,601.4,602.5,96.9,,,"4,946.6",307.5,82.9,,467.1,68.7,"204,095.0",,"14,297.0"
Oct-1975,,"1,432.4","1,104.8",666.4,666.4,116.8,,,"5,289.1",303.9,44.0,,649.3,82.5,"269,022.0",,"16,966.0"
Sep-1975,,"1,422.5","1,048.7",547.6,548.7,104.0,,,"5,076.9",344.8,46.1,,717.0,68.4,"252,611.0",,"15,625.0"
Aug-1975,,"1,443.0",902.9,508.8,509.9,102.7,,,"4,508.5",319.8,54.9,,591.5,56.3,"254,662.0",,"14,435.0"
Jul-1975,,"1,468.3",817.0,502.8,503.9,109.2,,,"4,565.0",338.4,52.1,,613.4,44.6,"266,582.0",,"13,913.0"
Jun-1975,,"1,436.7",786.9,433.1,434.2,102.5,,,"5,003.7",329.9,52.0,,576.9,59.0,"252,779.0",,"10,235.0"
May-1975,,"1,506.7",755.5,396.5,397.7,92.8,,,"5,362.3",273.2,56.1,,581.6,55.9,"253,570.0",,"6,218.0"
Apr-1975,,"1,585.4",785.1,378.7,379.8,78.8,,,"6,339.9",334.4,56.1,,614.5,37.5,"249,141.0",,"5,344.0"
Mar-1975,,"1,609.4",776.1,338.1,339.3,69.8,,,"5,788.2",260.1,56.3,,651.0,24.0,"225,287.0",,"4,363.0"
Feb-1975,,"1,568.3",777.1,336.4,336.4,65.5,,,"5,576.5",262.6,52.1,,567.9,18.5,"209,653.0",,"3,642.0"
Jan-1975,,"1,711.3",854.4,438.3,438.3,73.6,,,"6,343.0",368.6,52.2,,660.0,22.7,"236,277.0",,"4,313.0"
Dec-1974,,"1,563.6",773.6,413.5,413.5,70.2,,,"6,131.8",483.1,57.7,,580.6,36.3,"212,266.0",,"7,566.0"
Nov-1974,,"1,570.3",786.6,423.0,423.0,75.0,,,"6,191.4",538.7,59.4,,595.2,41.6,"191,208.0",,"13,678.0"
Oct-1974,,"1,774.6",896.2,423.0,424.1,87.1,,,"6,801.2",569.2,60.3,,814.6,64.0,"247,374.0",,"16,772.0"
Sep-1974,,"1,597.9",760.3,325.8,325.8,78.7,,,"6,201.2",613.9,65.4,,795.2,74.4,"224,750.0",,"14,919.0"
Aug-1974,,"1,613.1",801.3,335.1,335.1,84.9,,,"5,995.3",662.0,71.9,,727.9,78.9,"264,213.0",,"16,748.0"
Jul-1974,,"1,684.0",750.5,296.0,296.0,78.1,,,"5,501.0",530.5,63.9,,692.3,44.4,"266,698.0",,"15,377.0"
Jun-1974,,"1,712.2",668.2,211.1,211.1,63.4,,,"5,800.4",406.3,61.7,,558.6,42.4,"251,593.0",,"11,882.0"
May-1974,,"1,775.8",719.7,244.6,245.7,64.4,,,"7,008.0",409.0,61.3,,637.4,55.8,"272,328.0",,"8,570.0"
Apr-1974,,"1,710.4",658.6,239.3,240.4,52.7,,,"6,852.8",355.6,59.3,,774.2,42.8,"246,076.0",,"6,139.0"
Mar-1974,,"1,686.7",653.0,242.6,242.6,51.6,,,"6,568.5",314.2,65.6,,739.8,51.3,"239,836.0",,"4,595.0"
Feb-1974,,"1,392.1",570.7,265.5,266.6,52.0,,,"5,575.0",328.9,59.8,,607.3,21.6,"223,653.0",,"4,389.0"
Jan-1974,,"1,600.5",756.8,336.3,336.3,60.9,,,"6,745.9",430.8,60.6,,735.1,34.9,"260,431.0",,"6,131.0"
Dec-1973,,"1,463.3",705.0,272.3,272.3,52.7,,,"5,808.2",417.5,62.2,,581.3,57.4,"214,300.0",,"10,809.0"
Nov-1973,,"1,552.1",756.6,293.6,293.6,59.4,,,"6,441.4",429.8,62.6,,684.3,95.0,"233,144.0",,"16,689.0"
Oct-1973,,"1,661.7",870.0,278.3,279.4,62.7,,,"6,587.2",347.0,61.4,,850.9,100.9,"267,767.0",,"17,597.0"
Sep-1973,,"1,400.7",670.4,239.7,240.8,57.4,,,"5,257.0",344.8,55.0,,730.4,89.4,"224,356.0",,"14,769.0"
Aug-1973,,"1,372.3",700.9,279.2,279.2,65.0,,,"5,395.1",426.2,68.7,,786.5,100.9,"264,676.0",,"16,423.0"
Jul-1973,,"1,445.7",691.3,247.0,248.1,59.5,,,"4,832.0",423.3,72.5,,719.9,114.8,"256,696.0",,"13,359.0"
Jun-1973,,"1,539.3",706.6,244.3,245.3,58.9,,,"5,660.2",334.0,79.8,,664.9,88.0,"256,713.0",,"10,718.0"
May-1973,,"1,680.8",697.2,257.6,258.7,59.2,,,"6,613.4",359.7,70.0,,803.2,81.4,"265,277.0",,"6,330.0"
Apr-1973,,"1,396.3",537.1,214.2,214.2,45.5,,,"6,000.3",304.7,56.3,,696.3,36.1,"224,840.0",,"4,593.0"
Mar-1973,,"1,623.6",674.8,265.3,265.3,55.0,,,"6,633.0",322.6,80.4,,715.1,21.8,"235,691.0",,"3,827.0"
Feb-1973,,"1,501.8",630.7,245.9,245.9,48.5,,"6,089.1","5,711.8",316.6,60.8,,703.5,17.5,"215,842.0",,"3,282.0"
Jan-1973,,"1,685.9",797.8,284.0,284.0,53.0,,"7,099.5","6,600.3",439.4,59.9,,839.0,18.5,"248,255.0",,"4,608.0"
Dec-1972,,"1,595.3",753.4,239.4,239.4,43.9,,,"6,108.5",495.1,65.7,,714.8,65.5,"217,210.0",,"9,904.0"
Nov-1972,,"1,630.9",785.2,261.0,262.1,52.0,,,"6,871.5",535.2,57.7,,796.8,62.2,"228,503.0",,"16,376.0"
Oct-1972,,"1,674.7",937.6,263.8,263.8,57.2,,,"6,975.6",465.9,55.3,,884.1,87.1,"254,816.0",,"17,607.0"
Sep-1972,,"1,623.4",909.8,228.3,228.3,56.8,,,"6,316.6",436.1,59.4,,825.2,68.0,"238,875.0",,"15,858.0"
Aug-1972,,"1,734.7",889.4,265.3,265.3,66.0,,,"6,416.8",465.4,69.4,,799.1,72.6,"278,819.0",,"17,321.0"
Jul-1972,,"1,473.6",744.6,243.8,243.8,57.6,,,"5,223.9",404.5,62.6,,704.1,62.4,"240,117.0",,"13,035.0"
Jun-1972,,"1,734.3",824.5,263.4,263.4,62.2,,,"6,282.5",456.6,74.5,,770.0,72.0,"268,545.0",,"10,969.0"
May-1972,,"1,795.6",774.4,248.1,248.1,56.7,,,"6,888.0",374.4,65.8,,781.4,54.1,"267,762.0",,"5,744.0"
Apr-1972,,"1,591.1",674.0,227.3,227.3,47.0,,,"6,893.8",306.3,60.4,,777.6,43.9,"234,330.0",,"3,453.0"
Mar-1972,,"1,738.4",740.8,255.2,256.3,51.7,,,"7,993.2",353.8,66.9,,901.1,47.3,"249,180.0",,"3,783.0"
Feb-1972,,"1,531.7",709.0,244.3,244.3,48.6,,"6,832.8","6,455.3",323.1,54.4,,799.8,31.1,"226,785.0",,"3,452.0"
Jan-1972,,"1,593.2",732.7,260.5,260.5,47.6,,"7,026.0","6,590.2",379.8,56.0,,843.4,37.4,"231,207.0",,"3,816.0"
Dec-1971,,"1,560.9",714.3,276.4,276.4,47.8,,,"7,632.9",574.4,65.8,,827.0,57.5,"223,249.0",,"9,424.0"
Nov-1971,,"1,569.4",735.8,285.6,285.6,52.6,,,"7,619.2",527.0,75.0,,786.6,72.4,"213,763.0",,"15,175.0"
Oct-1971,,"1,572.2",834.2,276.9,276.9,54.3,,,"7,258.1",463.4,62.8,,883.0,76.2,"234,308.0",,"16,297.0"
Sep-1971,,"1,633.7",903.9,274.2,274.2,59.8,,,"7,388.5",539.6,67.2,,881.7,77.2,"239,038.0",,"15,739.0"
Aug-1971,,"1,597.4",891.2,264.7,264.7,58.8,,,"6,869.9",573.4,73.8,,793.9,63.3,"257,296.0",,"15,124.0"
Jul-1971,,"1,660.5",812.0,269.6,270.7,60.9,,,"6,279.5",456.4,72.2,,748.0,107.0,"241,222.0",,"12,567.0"
Jun-1971,,"1,750.3",798.9,273.5,274.6,63.3,,,"6,935.3",592.6,79.5,,770.5,100.1,"252,451.0",,"9,355.0"
May-1971,,"1,596.8",713.7,256.4,257.6,53.3,,,"7,026.3",458.7,67.5,,724.0,83.7,"227,630.0",,"4,837.0"
Apr-1971,,"1,614.4",704.0,262.7,263.9,48.9,,,"7,986.3",401.7,73.8,,871.1,80.4,"230,347.0",,"3,915.0"
Mar-1971,,"1,722.4",755.9,261.8,263.0,49.0,,,"8,491.9",423.2,77.2,,897.5,58.2,"238,437.0",,"3,674.0"
Feb-1971,,"1,434.9",690.7,228.3,228.3,42.2,,"7,020.9","6,603.7",383.0,34.1,,785.8,47.6,"205,647.0",,"2,397.0"
Jan-1971,,"1,581.2",781.3,259.7,259.7,44.4,,"8,254.0","7,736.0",462.9,55.1,,902.3,34.2,"215,584.0",,"3,240.0"
Dec-1970,,"1,612.4",783.2,267.9,269.0,44.5,,,"8,214.0",559.2,57.5,,835.7,51.3,"212,302.0",,"9,249.0"
Nov-1970,,"1,463.9",735.9,267.1,267.1,44.7,,,"7,501.6",548.7,47.4,,714.0,60.0,"194,231.0",,"15,227.0"
Oct-1970,,"1,607.8",920.2,283.5,283.5,51.4,,,"7,761.6",545.4,50.2,,870.3,94.7,"237,617.0",,"17,455.0"
Sep-1970,,"1,612.3",903.8,260.0,261.2,54.5,,,"7,044.7",550.0,51.1,,866.7,77.9,"237,078.0",,"16,034.0"
Aug-1970,,"1,536.1",793.7,245.7,246.8,50.9,,,"5,984.6",591.4,44.9,,762.8,74.2,"240,721.0",,"14,494.0"
Jul-1970,,"1,591.9",823.1,263.4,264.5,56.8,,,"5,712.6",604.1,47.4,,790.6,85.6,"258,551.0",,"12,421.0"
Jun-1970,,"1,639.6",781.7,244.7,244.7,52.1,,,"5,743.6",472.8,49.6,,790.1,98.3,"259,718.0",,"8,166.0"
May-1970,,"1,617.5",699.5,227.5,227.5,49.8,,,"6,015.3",364.0,44.8,,771.8,69.9,"235,119.0",,"3,670.0"
Apr-1970,,"1,635.3",734.8,244.2,245.3,44.5,,,"6,902.7",352.0,45.9,,917.1,41.4,"243,508.0",,"2,442.0"
Mar-1970,,"1,545.7",771.5,238.1,238.1,42.4,,,"6,705.1",287.4,43.9,,875.5,33.9,"224,624.0",,"2,132.0"
Feb-1970,,"1,442.0",715.0,229.2,230.3,40.1,,,"5,754.1",286.3,47.5,,739.7,34.5,"204,944.0",,"1,662.0"
Jan-1970,,"1,619.7",799.6,286.4,287.5,45.8,,,"6,443.7",345.7,46.5,,867.5,28.3,"221,765.0",,"2,597.0"
Dec-1969,,"1,521.9",809.9,288.7,289.9,43.7,,,"6,561.1",478.3,50.3,,790.8,49.5,"210,012.0",,"8,954.0"
Nov-1969,,"1,366.2",759.0,284.6,285.8,44.0,,,"5,979.7",435.2,51.1,,710.9,67.2,"176,349.0",,"13,861.0"
Oct-1969,,"1,631.0",959.4,338.2,339.4,52.9,,,"7,177.3",544.3,54.8,,878.4,109.3,"232,472.0",,"16,497.0"
Sep-1969,,"1,539.4",916.4,307.8,308.9,56.3,,,"6,640.1",528.5,64.6,,877.0,93.3,"218,945.0",,"14,752.0"
Aug-1969,,"1,492.5",841.2,296.4,297.6,57.2,,,"5,741.0",509.0,38.6,,776.3,74.7,"224,603.0",,"12,927.0"
Jul-1969,,"1,566.1",776.1,302.8,304.0,57.6,,,"5,748.7",540.7,69.8,,807.4,69.3,"226,408.0",,"10,604.0"
Jun-1969,,"1,469.9",727.7,282.3,283.4,53.2,,,"5,632.4",494.8,62.0,,791.5,73.7,"225,345.0",,"6,345.0"
May-1969,,"1,539.8",733.5,259.5,260.7,50.7,,,"6,220.1",414.9,53.1,,815.5,75.8,"220,210.0",,"3,053.0"
Apr-1969,,"1,527.5",722.3,259.8,261.0,41.9,,,"7,110.0",384.8,60.6,,844.7,55.8,"208,555.0",,"1,775.0"
Mar-1969,,"1,483.2",757.3,266.0,266.0,41.8,,,"7,136.4",346.2,47.6,,831.7,35.0,"190,002.0",,"2,090.0"
Feb-1969,,"1,443.0",738.1,263.1,263.1,36.1,,,"6,587.7",364.7,56.1,,774.3,33.6,"175,087.0",,"1,770.0"
Jan-1969,,"1,632.0",835.8,311.4,312.5,41.0,,,"7,191.4",454.8,62.2,,"1,018.3",36.7,"208,298.0",,"2,752.0"
Dec-1968,,"1,450.6",741.7,278.9,278.9,38.7,,,"6,956.8",544.3,52.5,,852.6,35.2,"178,443.0",,"9,622.0"
Nov-1968,,"1,385.1",777.4,314.7,314.7,45.8,,,"6,855.6",534.7,37.3,,823.5,73.0,"165,337.0",,"15,065.0"
Oct-1968,,"1,598.3",929.4,356.3,356.3,56.3,,,"7,822.9",448.3,33.6,,"1,019.3",122.5,"218,958.0",,"17,437.0"
Sep-1968,,"1,484.5",844.1,299.4,299.4,54.0,,,"6,650.4",449.1,28.1,,971.2,77.6,"194,136.0",,"14,254.0"
Aug-1968,,"1,565.5",859.5,307.1,308.3,52.6,,,"6,197.5",498.4,34.0,,934.3,77.3,"219,662.0",,"13,635.0"
Jul-1968,,"1,588.3",814.8,297.4,298.5,55.0,,,"5,612.1",559.5,43.3,,931.3,78.4,"220,169.0",,"9,344.0"
Jun-1968,,"1,508.9",718.5,252.8,254.0,49.4,,,"5,359.4",487.3,29.8,,871.5,63.4,"197,186.0",,"5,162.0"
May-1968,,"1,659.6",780.1,262.0,262.0,48.6,,,"6,744.8",494.7,29.5,,936.0,74.7,"208,927.0",,"3,044.0"
Apr-1968,,"1,499.1",731.2,240.5,240.5,38.5,,,"6,893.5",442.3,36.4,,933.9,46.5,"190,954.0",,"2,149.0"
Mar-1968,,"1,455.8",731.0,247.3,247.3,35.2,,,"6,770.7",328.3,35.5,,858.4,25.5,"179,625.0",,"1,988.0"
Feb-1968,,"1,444.1",745.4,258.6,259.8,32.8,,,"6,246.1",358.8,32.6,,896.9,30.9,"172,697.0",,"2,095.0"
Jan-1968,,"1,582.1",795.2,310.5,311.7,36.5,,,"7,064.7",469.7,37.3,,"1,104.2",46.0,"189,879.0",,"3,629.0"
Dec-1967,,"1,372.9",706.6,291.2,291.2,35.3,,,"6,618.5",499.8,21.1,,898.6,58.4,"167,185.0",,"11,344.0"
Nov-1967,,"1,381.5",726.9,318.9,318.9,39.6,,,"6,940.3",523.8,22.1,,891.7,106.6,"172,456.0",,"17,557.0"
Oct-1967,,"1,511.5",792.7,317.3,317.3,41.7,,,"7,180.6",468.9,31.0,,985.1,134.6,"202,922.0",,"18,495.0"
Sep-1967,,"1,447.3",775.8,287.9,289.1,42.7,,,"6,452.3",525.3,35.6,,"1,050.9",102.3,"195,879.0",,"16,824.0"
Aug-1967,,"1,568.5",789.8,300.3,300.3,45.2,,,"6,076.9",626.4,33.6,,"1,029.9",93.1,"227,392.0",,"16,980.0"
Jul-1967,,"1,492.2",664.4,261.6,261.6,43.8,,,"4,953.1",553.7,33.9,,930.9,79.5,"193,664.0",,"11,304.0"
Jun-1967,,"1,627.5",728.8,269.2,269.2,43.7,,,"5,360.3",619.2,36.0,,951.3,68.9,"218,785.0",,"7,861.0"
May-1967,,"1,626.2",757.6,262.2,262.2,38.8,,,"5,645.6",534.5,30.4,,924.9,81.4,"217,440.0",,"3,944.0"
Apr-1967,,"1,460.3",717.5,226.9,226.9,34.2,,,"6,333.1",413.3,26.6,,930.0,44.7,"182,015.0",,"2,395.0"
Mar-1967,,"1,541.4",733.3,270.9,272.1,36.6,,,"7,254.3",408.3,30.9,,"1,145.7",43.1,"190,907.0",,"2,631.0"
Feb-1967,,"1,387.6",648.3,257.4,258.6,30.6,,,"6,197.6",361.8,26.8,,"1,048.1",28.2,"162,214.0",,"2,003.0"
Jan-1967,,"1,511.0",720.6,317.9,319.2,38.1,,,"6,826.8",446.1,36.0,,"1,133.6",29.4,"188,531.0",,"2,879.0"
Dec-1966,,"1,408.9",702.7,310.3,310.3,35.6,,,"6,739.0",501.3,22.2,,921.5,70.1,"185,428.0",,"10,733.0"
Nov-1966,,"1,395.3",713.8,340.8,342.0,39.7,,,"6,626.7",531.6,22.0,,915.9,77.7,"171,303.0",,"17,060.0"
Oct-1966,,"1,402.5",762.3,337.3,337.3,45.7,,,"6,435.7",479.3,34.5,,"1,011.2",121.9,"192,513.0",,"17,502.0"
Sep-1966,,"1,486.0",805.4,321.2,321.2,50.6,,,"6,168.5",540.5,47.0,,"1,091.2",88.5,"200,676.0",,"16,017.0"
Aug-1966,,"1,536.1",809.6,321.6,322.8,51.8,,,"5,229.9",695.6,23.4,,"1,048.9",87.6,"217,788.0",,"14,731.0"
Jul-1966,,"1,408.6",700.9,288.2,288.2,44.0,,,"4,276.1",643.9,29.3,,958.4,68.5,"191,233.0",,"9,124.0"
Jun-1966,,"1,556.7",725.9,302.9,302.9,50.3,,,"4,811.4",647.0,28.2,,"1,042.9",102.4,"207,644.0",,"6,563.0"
May-1966,,"1,465.0",692.0,283.2,284.4,44.3,,,"5,192.4",509.3,23.3,,979.0,85.6,"188,974.0",,"3,155.0"
Apr-1966,,"1,344.5",652.9,286.7,288.0,38.5,,,"5,744.6",375.4,24.3,,"1,032.1",50.1,"180,143.0",,"2,046.0"
Mar-1966,,"1,414.8",699.4,319.6,320.9,42.6,,,"6,339.5",349.7,33.6,,"1,104.8",28.5,"178,137.0",,"1,834.0"
Feb-1966,,"1,265.9",623.1,313.4,314.7,36.4,,,"5,115.2",275.9,22.1,,833.7,26.3,"160,660.0",,"1,638.0"
Jan-1966,,"1,433.7",687.2,356.7,356.7,39.9,,,"5,177.6",332.1,28.2,,962.0,29.5,"161,390.0",,"2,243.0"
Dec-1965,,"1,307.9",643.6,393.4,394.6,44.5,,,"5,350.5",431.2,40.7,,958.1,48.7,"164,758.0",,"9,884.0"
Nov-1965,,"1,248.2",679.4,422.4,422.4,44.6,,,"5,819.2",488.5,32.3,,982.1,66.8,"153,862.0",,"17,153.0"
Oct-1965,,"1,274.3",743.6,415.4,415.4,46.0,,,"5,809.3",413.4,38.1,,"1,049.4",102.7,"176,437.0",,"17,095.0"
Sep-1965,,"1,339.7",752.3,398.2,398.2,50.1,,,"5,870.1",438.2,38.3,,"1,146.9",83.4,"184,638.0",,"15,140.0"
Aug-1965,,"1,370.1",675.7,370.6,370.6,53.5,,,"4,976.8",519.8,38.5,,"1,013.9",73.8,"195,600.0",,"12,323.0"
Jul-1965,,"1,379.6",585.3,352.9,352.9,52.3,,,"4,592.6",530.0,25.6,,"1,015.3",65.3,"190,056.0",,"7,778.0"
Jun-1965,,"1,441.0",571.5,326.1,327.3,44.0,,,"4,837.5",603.5,44.2,,998.7,69.7,"192,552.0",,"4,610.0"
May-1965,,"1,390.1",538.2,268.5,269.7,38.0,,,"5,023.2",463.2,32.8,,956.2,66.9,"173,029.0",,"2,449.0"
Apr-1965,,"1,369.7",558.2,257.6,257.6,36.8,,,"6,187.4",461.6,47.3,,"1,057.7",52.8,"167,143.0",,"1,651.0"
Mar-1965,,"1,523.7",606.2,277.4,277.4,35.4,,,"7,094.4",391.9,45.0,,"1,058.2",33.2,"163,405.0",,"1,524.0"
Feb-1965,,"1,321.3",490.2,253.1,253.1,28.1,,,"5,821.3",314.1,31.4,,909.5,27.6,"140,759.0",,"1,226.0"
Jan-1965,,"1,460.4",538.8,304.7,304.7,31.7,,,"6,517.9",441.1,41.7,,"1,140.8",29.8,"155,400.0",,"1,887.0"
Dec-1964,,"1,447.6",553.0,342.9,342.9,35.0,,,"6,974.9",662.4,61.4,,"1,133.9",45.9,"145,654.0",,"8,710.0"
Nov-1964,,"1,302.9",520.7,358.5,359.8,32.9,,,"6,847.3",606.6,37.8,,"1,035.7",85.4,"133,075.0",,"15,538.0"
Oct-1964,,"1,471.0",618.9,376.0,376.0,37.8,,,"7,209.8",545.8,47.0,,"1,265.7",97.8,"160,526.0",,"16,530.0"
Sep-1964,,"1,461.8",589.6,320.3,321.5,36.0,,,"6,009.6",519.1,39.7,,"1,203.7",89.5,"167,561.0",,"14,222.0"
Aug-1964,,"1,474.3",522.9,291.6,291.6,34.4,,,"5,004.3",663.3,46.0,,"1,069.2",98.4,"175,517.0",,"11,311.0"
Jul-1964,,"1,608.4",501.5,262.4,262.4,29.6,,,"4,967.6",766.6,69.5,,"1,162.4",103.1,"177,577.0",,"7,295.0"
Jun-1964,,"1,671.5",516.2,235.0,235.0,29.2,,,"5,226.4",653.0,58.9,,"1,106.5",93.1,"182,648.0",,"4,453.0"
May-1964,,"1,612.5",461.0,208.0,208.0,28.0,,,"5,814.2",508.8,38.3,,"1,053.3",65.8,"166,997.0",,"2,604.0"
Apr-1964,,"1,525.7",524.4,217.4,217.4,27.0,,,"6,925.2",461.9,59.8,,"1,136.7",49.6,"160,745.0",,"1,896.0"
Mar-1964,,"1,397.0",506.3,199.3,200.5,21.0,,,"7,006.5",355.7,52.0,,"1,149.8",25.0,"149,234.0",,"1,737.0"
Feb-1964,,"1,270.4",452.1,191.3,191.3,18.6,,,"6,430.2",362.6,40.5,,"1,066.8",21.1,"139,458.0",,"1,218.0"
Jan-1964,,"1,435.5",534.3,262.8,264.0,22.5,,,"7,425.7",520.6,64.5,,"1,400.8",35.5,"156,045.0",,"2,111.0"
Dec-1963,,"1,227.4",516.8,234.9,236.1,19.8,,,"7,068.1",619.1,46.2,,"1,169.7",67.2,"143,757.0",,"8,654.0"
Nov-1963,,"1,179.3",505.9,261.0,262.3,19.9,,,"6,735.9",581.6,43.8,,"1,143.3",112.9,"126,169.0",,"13,819.0"
Oct-1963,,"1,423.0",622.4,272.5,273.7,23.7,,,"7,275.2",542.7,54.6,,"1,455.0",166.6,"159,093.0",,"16,510.0"
Sep-1963,,"1,309.9",518.2,229.5,229.5,18.9,,,"6,245.5",546.7,47.8,,"1,274.8",135.8,"154,200.0",,"13,427.0"
Aug-1963,,"1,388.8",524.8,224.8,226.0,21.3,,,"5,270.1",748.1,67.0,,"1,309.1",65.1,"176,244.0",,"10,681.0"
Jul-1963,,"1,364.9",499.4,217.5,218.7,22.8,,,"4,960.4",842.1,88.5,,"1,295.2",88.8,"181,082.0",,"6,402.0"
Jun-1963,,"1,357.8",444.1,186.9,186.9,22.6,,,"4,987.5",677.4,74.1,,"1,076.3",59.6,"167,536.0",,"3,683.0"
May-1963,,"1,446.0",502.1,187.8,187.8,23.8,,,"6,322.7",523.8,47.8,,"1,166.5",64.9,"166,340.0",,"2,759.0"
Apr-1963,,"1,325.9",477.6,178.2,179.4,21.5,,,"6,838.1",463.7,51.0,,"1,225.4",46.7,"149,383.0",,"1,698.0"
Mar-1963,,"1,255.7",495.8,182.9,184.2,18.9,,,"7,137.9",354.3,52.9,,"1,234.5",27.8,"137,967.0",,"1,305.0"
Feb-1963,,"1,131.6",445.5,191.7,191.7,17.8,,,"6,227.2",329.9,46.6,,"1,150.0",22.3,"122,611.0",,"1,231.0"
Jan-1963,,"1,305.9",488.1,237.6,238.9,23.0,,,"6,923.5",437.3,44.4,,"1,431.0",33.4,"150,583.0",,"2,116.0"
Dec-1962,,"1,099.9",436.0,212.9,212.9,17.7,,,"6,396.1",501.0,56.1,,"1,181.2",67.0,"128,739.0",,"8,307.0"
Nov-1962,,"1,079.5",492.3,283.3,284.6,21.8,,,"6,769.3",562.7,66.1,,"1,255.9",123.7,"133,456.0",,"14,759.0"
Oct-1962,,"1,199.5",601.3,302.6,303.9,26.9,,,"7,099.7",578.5,38.3,,"1,536.2",145.1,"161,116.0",,"15,868.0"
Sep-1962,,"1,101.4",545.3,240.7,242.0,23.4,,,"5,162.2",451.4,28.6,,"1,316.2",143.5,"138,840.0",,"11,776.0"
Aug-1962,,"1,303.4",532.0,270.5,271.8,30.9,,,"5,356.5",741.0,74.6,,"1,321.3",129.6,"171,561.0",,"9,878.0"
Jul-1962,,"1,313.6",456.2,224.3,225.5,29.3,,,"4,728.2",763.4,78.2,,"1,269.1",88.1,"164,542.0",,"5,080.0"
Jun-1962,,"1,357.0",429.6,187.4,188.7,26.8,,,"5,201.6",690.6,59.0,,"1,142.9",104.6,"171,849.0",,"3,649.0"
May-1962,,"1,356.8",446.9,210.7,210.7,29.4,,,"6,138.8",559.5,47.7,,"1,276.6",115.1,"175,403.0",,"2,778.0"
Apr-1962,,"1,188.9",395.0,176.3,176.3,21.9,,,"6,122.1",421.8,46.5,,"1,304.6",53.2,"144,776.0",,"1,943.0"
Mar-1962,,"1,270.1",443.3,189.6,190.9,19.2,,,"6,765.5",395.4,35.8,,"1,342.9",38.3,"136,857.0",,"1,508.0"
Feb-1962,,"1,124.7",400.5,177.0,177.0,16.8,,,"5,865.6",348.8,24.7,,"1,295.9",27.0,"112,483.0",,"1,184.0"
Jan-1962,,"1,282.5",491.8,245.3,246.5,20.5,,,"6,665.8",464.9,28.2,,"1,524.8",34.0,"123,388.0",,"2,320.0"
Dec-1961,,"1,107.9",471.0,205.8,205.8,16.4,,,"6,179.6",526.2,34.1,,"1,230.5",56.1,"108,725.0",,"9,342.0"
Nov-1961,,"1,104.1",493.0,267.6,268.9,21.8,,,"6,787.6",567.9,22.2,,"1,259.8",137.0,"119,662.0",,"16,348.0"
Oct-1961,,"1,217.6",541.0,269.8,269.8,25.6,,,"6,722.5",523.8,29.2,,"1,457.3",156.6,"150,470.0",,"16,923.0"
Sep-1961,,"1,208.0",532.6,211.3,212.5,28.2,,,"5,568.3",556.1,49.5,,"1,388.3",99.5,"150,429.0",,"13,131.0"
Aug-1961,,"1,337.3",503.2,225.2,225.2,29.6,,,"5,298.5",774.7,31.0,,"1,378.3",124.7,"173,741.0",,"11,538.0"
Jul-1961,,"1,253.1",418.8,190.8,192.1,29.5,,,"4,350.8",773.2,31.0,,"1,232.0",82.9,"167,482.0",,"6,996.0"
Jun-1961,,"1,343.1",482.8,205.8,207.1,29.2,,,"5,170.9",805.2,36.6,,"1,347.3",96.9,"180,656.0",,"5,921.0"
May-1961,,"1,332.7",497.1,189.1,189.1,33.2,,,"5,972.7",571.7,25.8,,"1,461.8",87.8,"170,894.0",,"3,981.0"
Apr-1961,,"1,111.3",439.7,184.2,185.5,27.2,,,"5,535.5",386.7,29.5,,"1,369.5",47.7,"143,196.0",,"2,269.0"
Mar-1961,,"1,170.1",505.1,203.9,203.9,29.9,,,"6,763.7",358.1,28.1,,"1,449.9",32.8,"135,688.0",,"2,771.0"
Feb-1961,,"1,023.4",436.1,190.8,190.8,22.1,,,"5,691.5",313.4,23.7,,"1,206.3",33.3,"105,353.0",,"1,504.0"
Jan-1961,,"1,127.5",480.1,241.3,241.3,27.2,,,"6,340.0",408.1,47.3,,"1,414.6",39.1,"119,728.0",,"2,436.0"
Dec-1960,,"1,004.9",475.7,254.5,255.8,24.3,,,"6,204.9",563.5,27.2,,"1,184.1",80.6,"111,863.0",,"8,057.0"
Nov-1960,,"1,027.0",483.9,287.5,287.5,27.3,,,"6,198.8",570.4,27.4,,"1,262.8",81.2,"113,874.0",,"11,897.0"
Oct-1960,,"1,135.0",508.5,285.8,287.1,30.9,,,"5,969.4",464.8,26.3,,"1,409.5",117.4,"130,194.0",,"12,864.0"
Sep-1960,,"1,246.2",502.4,264.8,264.8,35.1,,,"5,594.8",597.7,31.3,,"1,398.4",110.7,"140,882.0",,"10,862.0"
Aug-1960,,"1,301.0",477.2,261.5,261.5,35.3,,,"5,406.9",776.4,31.1,,"1,267.0",148.3,"162,137.0",,"9,228.0"
Jul-1960,,"1,142.9",418.8,236.7,236.7,35.1,,,"4,464.1",683.4,31.3,,"1,154.0",117.7,"138,054.0",,"4,519.0"
Jun-1960,,"1,224.5",449.0,244.7,244.7,39.0,,,"5,359.4",708.2,37.2,,"1,204.2",107.3,"142,820.0",,"3,917.0"
May-1960,,"1,227.3",404.0,213.8,213.8,33.9,,,"5,888.4",585.6,39.2,,"1,188.9",74.0,"137,061.0",,"2,678.0"
Apr-1960,,"1,048.4",387.4,197.7,199.0,27.7,,,"6,073.2",487.6,33.1,,"1,141.2",61.6,"125,406.0",,"1,861.0"
Mar-1960,,"1,192.0",426.7,212.7,214.0,24.9,,,"6,911.7",396.3,37.2,,"1,181.6",35.8,"120,742.0",,"1,621.0"
Feb-1960,,"1,047.3",402.4,198.6,198.6,18.2,,,"6,588.1",400.0,27.6,,"1,165.3",30.0,"105,526.0",,"1,369.0"
Jan-1960,,"1,135.5",428.7,225.4,226.7,22.2,,,"7,310.7",459.3,23.9,,"1,346.5",31.2,"105,001.0",,"1,829.0"
Dec-1959,,"1,081.9",431.4,231.8,231.8,21.9,,,"7,597.4",628.2,33.2,,"1,280.1",44.8,,,
Nov-1959,,973.0,422.3,240.4,240.4,23.4,,,"6,793.6",649.7,29.5,,"1,141.6",70.2,,,
Oct-1959,,"1,091.7",502.4,232.8,234.1,25.0,,,"7,185.6",628.0,31.9,,"1,295.9",80.3,,,
Sep-1959,,"1,160.3",470.7,201.2,201.2,30.8,,,"6,299.4",603.2,27.6,,"1,291.8",66.9,,,
Aug-1959,,"1,043.7",417.5,202.8,202.8,30.1,,,"5,044.4",846.0,23.8,,"1,086.8",69.8,,,
Jul-1959,,"1,169.7",397.4,217.0,218.3,32.7,,,"5,194.2",923.6,36.8,,"1,175.3",86.6,,,
Jun-1959,,"1,111.9",389.8,196.2,197.5,31.4,,,"4,944.5",864.3,34.6,,"1,122.0",72.4,,,
May-1959,,"1,060.7",374.0,187.6,187.6,30.0,,,"5,197.6",673.2,29.7,,"1,058.8",84.3,,,
Apr-1959,,"1,077.5",402.6,191.4,192.7,27.7,,,"6,122.1",542.8,33.2,,"1,176.8",53.7,,,
Mar-1959,,991.2,377.3,184.7,184.7,22.4,,,"6,346.6",443.6,27.4,,"1,229.8",45.7,,,
Feb-1959,,879.4,331.4,192.2,193.6,19.9,,,"6,315.0",382.8,20.1,,"1,155.5",31.9,,,
Jan-1959,,"1,073.5",346.8,236.5,236.5,21.3,,,"6,606.8",407.3,14.3,,"1,422.5",36.4,,,
Dec-1958,,"1,131.9",293.5,214.9,216.2,26.2,,,"6,349.4",583.0,14.3,,"1,166.2",48.0,,,
Nov-1958,,965.6,292.9,223.6,225.0,26.6,,,"5,685.3",509.9,24.8,,951.6,73.1,,,
Oct-1958,,"1,163.0",380.3,302.1,302.1,34.5,,,"6,454.3",502.9,21.3,,"1,193.9",108.3,,,
Sep-1958,,"1,159.1",356.2,265.5,265.5,36.0,,,"5,596.5",536.1,30.7,,"1,118.0",90.2,,,
Aug-1958,,"1,133.2",335.4,229.4,229.4,33.1,,,"4,687.2",631.1,27.2,,"1,023.6",77.6,,,
Jul-1958,,"1,233.6",328.0,245.0,246.3,37.5,,,"4,226.8",887.5,46.5,,"1,088.2",93.3,,,
Jun-1958,,"1,130.3",318.0,252.0,252.0,34.3,,,"4,138.3",832.2,40.5,,"1,093.6",105.9,,,
May-1958,,"1,106.3",313.8,248.6,248.6,34.6,,,"4,686.0",588.0,26.2,,"1,187.3",81.4,,,
Apr-1958,,"1,058.6",305.3,238.8,240.2,33.9,,,"5,427.5",461.5,29.8,,"1,247.3",49.7,,,
Mar-1958,,955.1,348.9,251.6,252.9,31.1,,,"5,392.3",370.3,28.9,,"1,082.4",37.0,,,
Feb-1958,,914.3,330.5,245.5,246.9,28.3,,,"5,114.0",287.1,15.8,,"1,020.8",30.2,,,
Jan-1958,,"1,186.5",336.6,321.8,323.1,35.2,,,"6,308.8",376.2,26.7,,"1,164.8",31.6,,,
Dec-1957,,"1,037.2",281.0,313.3,313.3,36.3,,,"6,074.9",489.0,39.5,,"1,060.2",42.8,,,
Nov-1957,,962.4,297.3,371.3,371.3,36.3,,,"6,077.8",438.1,20.2,,"1,035.0",53.4,,,
Oct-1957,,"1,169.0",384.3,409.9,411.3,53.9,,,"6,768.6",433.9,21.3,,"1,276.3",91.6,,,
Sep-1957,,"1,097.0",356.0,354.6,354.6,48.9,,,"5,499.4",474.1,23.7,,"1,131.7",111.5,,,
Aug-1957,,"1,171.2",345.2,373.4,373.4,55.1,,,"4,401.5",876.2,32.5,,"1,165.0",94.1,,,
Jul-1957,,"1,182.5",350.1,385.1,385.1,66.0,,,"3,844.2","1,142.3",45.7,,"1,268.0",90.6,,,
Jun-1957,,"1,083.4",291.2,326.4,326.4,51.5,,,"3,766.4",997.1,28.8,,"1,078.8",106.8,,,
May-1957,,"1,270.5",324.9,304.6,304.6,50.1,,,"5,132.2",709.9,24.0,,"1,208.0",78.4,,,
Apr-1957,,"1,134.5",314.6,272.6,273.9,36.6,,,"5,475.2",472.2,29.9,,"1,158.1",54.9,,,
Mar-1957,,"1,109.5",318.2,288.6,288.6,36.4,,,"5,985.0",370.0,26.1,,"1,107.4",35.0,,,
Feb-1957,,"1,028.6",357.8,290.6,291.9,32.3,,,"5,678.2",299.5,18.0,,"1,184.9",35.8,,,
Jan-1957,,"1,265.0",396.1,386.7,388.0,41.5,,,"6,487.9",357.7,34.1,,"1,444.4",44.7,,,
Dec-1956,,"1,034.7",314.8,396.4,396.4,41.5,,,"6,143.7",618.4,27.4,,"1,145.9",42.5,,,
Nov-1956,,997.5,303.4,511.0,512.3,49.9,,,"7,142.5",532.2,30.5,,"1,176.8",100.9,,,
Oct-1956,,"1,103.1",341.6,550.2,551.6,57.1,,,"6,996.1",488.5,22.5,,"1,429.7",187.7,,,
Sep-1956,,"1,010.4",332.4,403.2,403.2,53.1,,,"5,424.4",518.9,24.0,,"1,197.9",114.7,,,
Aug-1956,,"1,155.8",325.1,417.4,417.4,57.5,,,"4,546.3",945.0,32.7,,"1,281.4",142.6,,,
Jul-1956,,"1,238.2",308.9,347.4,348.7,47.7,,,"3,859.2","1,169.8",35.0,,"1,199.7",108.6,,,
Jun-1956,,"1,220.9",278.9,331.8,331.8,55.5,,,"3,970.8","1,159.8",46.7,,"1,115.0",113.3,,,
May-1956,,"1,302.1",271.2,294.0,295.4,47.0,,,"5,038.8",797.7,28.9,,"1,134.6",80.0,,,
Apr-1956,,"1,204.0",304.1,261.2,262.6,37.5,,,"5,722.2",506.5,31.0,,"1,222.8",46.1,,,
Mar-1956,,"1,186.5",338.8,260.4,261.7,33.2,,,"7,018.8",465.6,29.7,,"1,333.6",30.3,,,
Feb-1956,,"1,080.0",309.5,286.7,286.7,33.6,,,"6,674.8",383.7,43.2,,"1,276.9",30.3,,,
Jan-1956,,"1,192.4",346.0,340.7,340.7,38.6,,,"7,547.9",449.5,40.8,,"1,449.8",32.3,,,
Dec-1955,,"1,012.5",293.1,380.4,380.4,40.4,,,"8,004.4",624.0,43.8,,"1,198.7",106.2,,,
Nov-1955,,972.1,283.8,452.9,454.3,50.6,,,"7,565.0",518.6,16.5,,"1,251.2",82.7,,,
Oct-1955,,"1,073.2",298.3,425.9,427.2,49.7,,,"6,735.4",469.2,21.2,,"1,313.5",98.5,,,
Sep-1955,,"1,157.3",290.5,431.0,431.0,56.7,,,"5,461.3",671.5,25.1,,"1,377.9",140.0,,,
Aug-1955,,"1,170.1",304.1,441.3,441.3,60.5,,,"4,252.0","1,122.1",48.5,,"1,258.4",148.8,,,
Jul-1955,,"1,009.4",271.1,362.8,362.8,49.9,,,"2,891.9","1,258.6",46.5,,"1,139.1",80.5,,,
Jun-1955,,"1,174.8",293.1,353.1,353.1,62.7,,,"3,262.5","1,299.3",45.9,,"1,267.4",98.6,,,
May-1955,,"1,090.1",270.8,342.3,343.6,55.2,,,"4,302.1",765.1,30.6,,"1,297.0",70.1,,,
Apr-1955,,"1,000.9",322.9,301.2,301.2,43.4,,,"4,953.4",458.2,37.8,,"1,278.0",44.9,,,
Mar-1955,,"1,062.6",358.6,317.3,318.7,37.1,,,"6,311.9",355.8,46.5,,"1,353.8",33.4,,,
Feb-1955,,847.9,303.1,308.6,308.6,32.9,,,"5,496.7",236.0,28.6,,"1,175.9",27.9,,,
Jan-1955,,983.8,323.3,369.9,369.9,37.0,,,"6,462.0",313.4,34.6,,"1,325.5",47.1,,,
Dec-1954,,,286.6,,,46.7,,,"6,963.0",408.0,37.5,"1,312.2","1,257.1",55.1,,,
Nov-1954,,,271.7,,,47.1,,,"6,550.6",404.5,14.3,"1,313.2","1,224.9",88.3,,,
Oct-1954,,,304.5,,,54.6,,,"5,837.4",366.6,19.2,"1,450.3","1,335.7",114.6,,,
Sep-1954,,,338.2,,,61.0,,,"5,232.6",507.2,29.2,"1,465.8","1,335.1",130.7,,,
Aug-1954,,,315.5,,,58.0,,,"3,783.9",915.9,23.3,"1,368.5","1,264.2",104.3,,,
Jul-1954,,,265.6,,,67.1,,,"2,815.8","1,273.3",33.5,"1,368.6","1,253.2",115.4,,,
Jun-1954,,,223.3,,,65.9,,,"2,798.8","1,443.8",29.7,"1,354.3","1,247.1",107.2,,,
May-1954,,,211.0,,,54.5,,,"3,448.8",731.5,24.9,"1,178.2","1,113.9",64.3,,,
Apr-1954,,,233.8,,,47.3,,,"4,308.7",387.4,28.2,"1,235.3","1,175.5",59.8,,,
Mar-1954,,,288.9,,,47.7,,,"5,378.0",236.9,33.5,"1,274.2","1,221.0",53.2,,,
Feb-1954,,,273.5,,,39.5,,,"4,700.4",166.1,20.1,"1,211.2","1,169.0",42.2,,,
Jan-1954,,,337.0,,,41.8,,,"5,633.7",223.1,17.5,"1,387.8","1,326.4",61.4,,,
Dec-1953,,,273.2,,,53.8,,,"6,084.5",341.6,26.1,,"1,308.7",68.5,,,
Nov-1953,,,241.2,,,55.4,,,"6,296.6",339.6,13.2,,"1,208.6",107.9,,,
Oct-1953,,,292.5,,,73.5,,,"5,697.8",378.3,18.3,,"1,522.7",198.1,,,
Sep-1953,,,257.0,,,76.1,,,"4,560.4",492.9,25.0,,"1,365.1",172.2,,,
Aug-1953,,,240.7,,,69.0,,,"3,371.4",873.1,34.0,,"1,182.0",126.6,,,
Jul-1953,,,224.1,,,70.6,,,"2,828.7","1,235.9",41.4,,"1,164.8",94.3,,,
Jun-1953,,,179.4,,,71.7,,,"3,211.5","1,192.4",44.4,,"1,110.4",92.3,,,
May-1953,,,163.7,,,67.1,,,"3,961.5",559.4,27.5,,"1,065.2",70.5,,,
Apr-1953,,,204.7,,,60.6,,,"5,086.0",326.4,37.8,,"1,165.2",61.4,,,
Mar-1953,,,204.6,,,48.1,,,"5,939.4",261.2,31.4,,"1,253.6",42.5,,,
Feb-1953,,,222.4,,,36.4,,,"5,549.8",238.9,23.0,,"1,148.7",31.5,,,
Jan-1953,,,238.6,,,46.7,,,"7,367.5",372.9,23.5,,"1,338.9",67.7,,,
Dec-1952,,,188.7,,,50.1,,,"8,231.9",518.1,26.6,,"1,209.8",121.4,,,
Nov-1952,,,175.3,,,57.5,,,"6,580.9",496.9,20.9,,"1,044.5",135.7,,,
Oct-1952,,,194.9,,,80.6,,,"6,279.4",571.1,27.6,,"1,273.2",300.0,,,
Sep-1952,,,167.1,,,74.7,,,"4,591.2",854.3,33.2,,"1,126.6",261.2,,,
Aug-1952,,,149.1,,,63.7,,,"3,373.9","1,221.1",46.5,,917.2,225.2,,,
Jul-1952,,,148.3,,,69.4,,,"3,269.4","1,345.5",42.2,,914.1,110.6,,,
Jun-1952,,,118.5,,,64.0,,,"4,178.3","1,040.3",37.0,,905.2,123.3,,,
May-1952,,,121.6,,,60.1,,,"5,082.5",505.5,33.9,,933.8,92.9,,,
Apr-1952,,,142.2,,,41.8,,,"6,142.7",387.7,32.3,,987.8,43.9,,,
Mar-1952,,,160.8,,,35.7,,,"6,711.2",364.7,64.3,,"1,005.4",36.5,,,
Feb-1952,,,164.3,,,33.7,,,"6,726.5",422.7,14.9,,"1,006.6",56.9,,,
Jan-1952,,,178.7,,,44.0,,,"7,784.8",597.2,33.2,,"1,084.0",46.6,,,
Dec-1951,,,131.4,,,39.8,,,"7,662.6",596.9,25.2,,811.9,72.1,,,
Nov-1951,,,132.3,,,59.4,,,"7,266.4",558.2,31.3,,874.7,139.7,,,
Oct-1951,,,144.7,,,91.3,,,"6,336.9",584.2,28.3,,933.9,274.1,,,
Sep-1951,,,123.4,,,76.1,,,"4,662.8",771.5,38.6,,778.5,164.1,,,
Aug-1951,,,143.0,,,92.1,,,"3,712.0","1,563.0",42.7,,847.9,158.5,,,
Jul-1951,,,135.7,,,68.5,,,"3,087.2","1,536.7",46.4,,812.0,138.8,,,
Jun-1951,,,119.9,,,49.4,,,"4,561.6","1,046.2",50.6,,771.1,118.5,,,
May-1951,,,106.5,,,52.6,,,"5,486.2",492.1,24.2,,640.6,83.8,,,
Apr-1951,,,122.1,,,37.0,,,"5,719.9",366.2,24.5,,670.7,54.1,,,
Mar-1951,,,144.5,,,32.4,,,"6,005.2",296.7,24.7,,770.0,30.4,,,
Feb-1951,,,158.2,,,37.1,,,"5,065.6",283.8,15.5,,767.4,25.7,,,
Jan-1951,,,190.6,,,47.7,,,"7,587.9",435.1,24.4,,"1,100.9",35.4,,,
Dec-1950,,,156.1,,,44.0,744.7,,"7,263.8",733.1,55.8,,937.0,52.8,,,
Nov-1950,,,152.8,,,50.0,843.6,,"6,659.9",660.8,21.5,,942.7,115.8,,,
Oct-1950,,,161.5,,,66.5,,,"5,486.9",649.3,43.6,,"1,044.9",135.5,,,
Sep-1950,,,172.0,,,79.9,,,"4,235.0",805.8,25.7,,"1,036.9",127.1,,,
Aug-1950,,,151.5,,,76.4,,,"3,069.1","1,405.6",31.1,,"1,040.6",153.0,,,
Jul-1950,,,155.7,,,78.5,,,"2,508.0","1,543.2",40.7,,932.5,129.5,,,
Jun-1950,,,135.9,,,72.8,,,"3,630.6","1,374.6",30.3,,991.0,129.9,,,
May-1950,,,127.1,,,58.0,,,"4,469.0",782.4,68.7,,892.3,141.7,,,
Apr-1950,,,131.0,,,44.1,,,"4,740.4",566.5,32.2,,848.8,73.0,,,
Mar-1950,,,160.7,,,42.6,,,"5,628.3",532.9,30.8,,920.0,100.0,,,
Feb-1950,,,178.2,,,33.2,,,"4,747.1",535.9,26.6,,886.4,51.0,,,
Jan-1950,,,217.0,,,41.2,,,"6,382.0",704.2,21.9,,"1,099.3",70.6,,,
Dec-1949,,,182.5,,,51.0,,,"6,879.4",837.3,31.1,,"1,073.2",78.4,,,
Nov-1949,,,167.8,,,50.9,,,"6,416.3",733.3,43.1,,"1,006.9",159.5,,,
Oct-1949,,,160.0,,,54.7,,,"5,280.1",638.9,48.1,,"1,102.8",184.5,,,
Sep-1949,,,165.3,,,64.2,,,"3,945.1",811.7,43.3,,"1,126.1",172.8,,,
Aug-1949,,,177.8,,,66.5,,,"2,759.3","1,428.3",38.3,,"1,102.3",151.5,,,
Jul-1949,,,144.0,,,64.6,,,"2,255.4","1,550.4",30.3,,963.9,118.7,,,
Jun-1949,,,128.2,,,72.3,,,"3,221.3","1,247.5",36.1,,844.3,166.6,,,
May-1949,,,126.6,,,59.2,,,"3,897.8",654.1,23.4,,749.9,108.3,,,
Apr-1949,,,153.1,,,42.4,,,"4,323.4",477.0,23.5,,703.8,59.9,,,
Mar-1949,,,198.7,,,39.7,,,"4,934.3",471.7,21.4,,990.1,42.4,,,
Feb-1949,,,197.9,,,29.8,,,"4,691.6",421.5,20.1,,"1,079.7",52.0,,,
Jan-1949,,,230.0,,,35.4,,,"6,010.7",496.5,19.4,,"1,247.9",91.1,,,
Dec-1948,,,214.9,,,45.7,927.7,,"6,647.4",550.6,44.0,,"1,262.0",186.4,,,
Nov-1948,,,186.5,,,49.7,978.8,,"5,739.2",697.3,19.0,,"1,264.7",313.8,,,
Oct-1948,,,197.2,,,54.1,,,"4,443.0",525.0,81.3,,"1,234.5",534.2,,,
Sep-1948,,,201.1,,,68.9,,,"2,889.3",752.9,32.4,,"1,263.6",352.1,,,
Aug-1948,,,153.3,,,83.6,,,"1,989.5","1,061.8",36.7,,"1,099.2",307.0,,,
Jul-1948,,,138.3,,,75.4,,,"2,507.5","1,192.1",49.3,,"1,115.5",217.6,,,
Jun-1948,,,141.1,,,81.0,,,"4,263.5",819.6,36.3,,"1,092.1",312.9,,,
May-1948,,,116.4,,,52.9,,,"4,222.2",310.1,32.0,,925.1,170.2,,,
Apr-1948,,,122.9,,,45.1,,,"4,323.8",129.9,22.8,,"1,122.9",55.2,,,
Mar-1948,,,165.1,,,35.7,,,"4,561.7",216.1,18.8,,"1,224.3",72.9,,,
Feb-1948,,,187.1,,,37.7,,,"4,466.4",369.4,19.4,,"1,231.0",75.7,,,
Jan-1948,,,266.2,,,51.3,,,"5,991.0",581.1,26.5,,"1,316.2",147.8,,,
Dec-1947,,,255.2,,,54.9,,,"6,969.5",708.7,30.8,,"1,382.7",197.1,,,
Nov-1947,,,214.4,,,64.6,,,"6,057.7",668.4,20.9,,"1,294.4",315.2,,,
Oct-1947,,,222.7,,,87.7,,,"4,431.4",651.9,51.6,,"1,339.3",520.6,,,
Sep-1947,,,241.5,,,88.4,,,"2,932.5",936.7,31.8,,"1,333.7",281.3,,,
Aug-1947,,,181.5,,,91.5,,,"2,181.8","1,220.6",27.6,,"1,139.4",246.7,,,
Jul-1947,,,215.2,,,92.2,,,"2,829.0","1,384.6",34.4,,"1,247.3",171.8,,,
Jun-1947,,,183.5,,,77.8,,,"3,638.4",780.1,62.6,,"1,260.7",196.2,,,
May-1947,,,207.9,,,65.6,,,"4,310.3",387.3,28.4,,"1,319.2",144.8,,,
Apr-1947,,,208.7,,,49.0,,,"4,284.5",291.5,46.0,,"1,367.2",68.4,,,
Mar-1947,,,233.0,,,45.5,,,"3,992.6",311.8,30.5,,"1,255.9",85.6,,,
Feb-1947,,,254.1,,,33.3,,,"4,683.7",350.7,45.6,,"1,246.0",121.6,,,
Jan-1947,,,291.2,,,44.6,,,"6,899.1",586.3,29.6,,"1,513.6",158.3,,,
Dec-1946,,,260.5,,,48.2,,,"6,289.5",482.2,27.8,,"1,274.0",194.1,,,
Nov-1946,,,273.2,,,61.5,,,"6,538.0",547.8,122.0,,"1,326.9",355.4,,,
Oct-1946,,,244.0,,,67.0,,,"4,001.4",467.2,23.1,,"1,544.4",768.2,,,
Sep-1946,,,,,,39.1,,,600.7,188.6,12.8,,"1,149.4",355.3,,,
Aug-1946,,,218.2,,,80.3,,,"2,850.2","1,211.2",33.1,,"1,449.9",303.3,,,
Jul-1946,,,195.9,,,98.8,,,"3,715.2","1,690.8",32.4,,"1,513.7",439.4,,,
Jun-1946,,,46.4,,,44.4,,,"2,781.0",498.6,19.9,,"1,532.5",373.1,,,
May-1946,,,83.0,,,46.7,,,"5,170.9",367.6,28.2,,"1,386.5",189.4,,,
Apr-1946,,,124.4,,,48.1,,,"5,314.0",384.6,52.2,,"1,771.2",149.3,,,
Mar-1946,,,182.7,,,50.5,,,"4,929.8",430.8,22.2,,"2,050.0",98.9,,,
Feb-1946,,,234.5,,,47.2,,,"5,850.4",602.7,26.2,,"2,135.9",256.0,,,
Jan-1946,,,205.8,,,48.8,,,"6,399.3",566.2,21.3,,"1,324.1",293.1,,,
Dec-1945,,,212.5,,,66.8,,,"6,759.7",737.5,23.1,,"1,539.6",481.3,,,
Nov-1945,,,276.5,,,74.6,,,"5,472.7",616.4,18.3,,"1,341.9",649.6,,,
Oct-1945,,,250.8,,,92.1,,,"3,263.5",641.3,27.0,,"1,612.2",636.1,,,
Sep-1945,,,196.1,,,83.0,,,"2,335.5",921.4,22.2,,"1,351.6",525.3,,,
Aug-1945,,,174.3,,,86.4,,,"2,224.4",912.0,21.5,,"1,279.4",515.4,,,
Jul-1945,,,117.5,,,66.5,,,"2,744.1",863.9,22.4,,"1,486.3",487.2,,,
Jun-1945,,,139.2,,,62.0,,,"3,868.5",403.8,21.6,,"1,720.9",435.8,,,
May-1945,,,145.1,,,62.6,,,"4,235.7",214.9,26.5,,"1,799.8",276.6,,,
Apr-1945,,,146.4,,,48.3,,,"4,089.8",231.1,25.5,,"1,596.4",167.3,,,
Mar-1945,,,196.0,,,58.0,,,"4,645.2",279.3,50.1,,"1,793.9",190.0,,,
Feb-1945,,,238.1,,,52.3,,,"4,808.6",313.2,20.5,,"1,629.9",233.2,,,
Jan-1945,,,227.4,,,63.0,,,"6,903.1",473.3,22.3,,"1,892.0",426.0,,,
Dec-1944,,,210.3,,,79.5,,,"6,845.7",501.6,30.0,,"1,624.6",536.3,,,
Nov-1944,,,262.6,,,100.9,,,"6,177.2",614.7,41.6,,"1,636.1",639.4,,,
Oct-1944,,,233.5,,,100.7,,,"4,896.9",685.6,39.9,,"1,890.7",620.4,,,
Sep-1944,,,205.8,,,97.5,,,"3,678.2","1,051.4",28.4,,"1,903.8",378.4,,,
Aug-1944,,,199.8,,,109.2,,,"3,963.9","1,333.2",37.3,,"1,882.6",324.8,,,
Jul-1944,,,122.8,,,99.6,,,"4,666.0","1,147.9",41.5,,"1,819.0",349.8,,,
Jun-1944,,,113.9,,,93.0,,,"6,355.7",855.9,44.0,,"1,772.4",300.2,,,
May-1944,,,123.6,,,79.2,,,"7,132.9",684.3,47.4,,"1,695.5",240.0,,,
Apr-1944,,,137.1,,,56.2,,,"6,724.2",620.3,44.6,,"1,482.2",104.8,,,
Mar-1944,,,158.8,,,55.2,,,"7,422.3",919.4,93.0,,"1,633.7",107.6,,,
Feb-1944,,,170.5,,,45.0,,,"7,449.4","1,117.8",35.0,,"1,523.8",180.6,,,
Jan-1944,,,194.7,,,45.3,,,"7,784.3","1,369.2",36.3,,"1,842.0",304.2,,,